customer_id,customer_name,gender,age,city,state,email,phone
1,Mason Borra,Female,39,Delhi,Uttar Pradesh,jagdish17@example.org,2891252261
2,Wyatt Grewal,Female,23,Patna,Uttar Pradesh,padmanabhanumang@example.org,6330438755
3,Zilmil Amble,Female,56,Bhopal,Madhya Pradesh,harshdasgupta@example.org,9807218412
4,Reva Korpal,Female,29,Noida,Uttar Pradesh,soniupasna@example.org,7398561380
5,Ojasvi Kunda,Female,34,Patna,Uttar Pradesh,charanmane@example.org,6987085235
6,Kavya Sheth,Male,19,Pune,Maharashtra,deolanita@example.net,5447806677
7,Avi Kurian,Male,19,Pune,Uttar Pradesh,arorakiaan@example.org,5516242232
8,Finn Contractor,Male,24,Delhi,Uttar Pradesh,dharchatresh@example.com,1111593230
9,Rudra Kalla,Female,55,Jaipur,Uttar Pradesh,venkataramansai@example.org,1379561913
10,Lucky Rama,Male,51,Jaipur,Uttar Pradesh,ekiya11@example.org,1627986298
11,Imaran Sankar,Male,31,Patna,Madhya Pradesh,mitterrajeshri@example.com,9233998988
12,Mugdha Ranganathan,Male,37,Hyderabad,Uttar Pradesh,amairaramakrishnan@example.org,8445334339
13,Wriddhish Ghosh,Male,30,Jaipur,Rajasthan,dpurohit@example.org,1297295472
14,Tarak Bose,Female,49,Mumbai,Rajasthan,dipta85@example.org,2083806671
15,Abhimanyu Pall,Male,24,Bhopal,Bihar,dmajumdar@example.net,7106944353
16,Nicholas Narang,Male,55,Noida,Madhya Pradesh,basaktriveni@example.com,2798850039
17,Ekantika Nori,Female,49,Delhi,Maharashtra,amrutakadakia@example.net,5548887297
18,David Yohannan,Female,29,Mumbai,Bihar,onigam@example.com,2642418756
19,Vrinda Radhakrishnan,Female,43,Patna,Rajasthan,rajeshri34@example.net,2939057865
20,Anay Chopra,Female,59,Lucknow,Telangana,qram@example.net,7318741994
21,Libni Sankar,Female,39,Kanpur,Madhya Pradesh,yraval@example.net,5762908211
22,Widisha Savant,Male,49,Pune,Uttar Pradesh,iryashenoy@example.net,5936429830
23,Max Dixit,Female,56,Delhi,Uttar Pradesh,nishashankar@example.com,4799229406
24,Unni Nair,Male,53,Mumbai,Maharashtra,frederick84@example.com,6703989559
25,Ranveer Sachdev,Male,31,Delhi,Madhya Pradesh,chaitanya57@example.net,0716538176
26,Zayyan Dixit,Female,58,Hyderabad,Rajasthan,oshakapoor@example.net,2687578769
27,Isaiah Palan,Male,48,Noida,Madhya Pradesh,gsabharwal@example.org,0880052167
28,Dalbir Keer,Female,34,Noida,Maharashtra,bbera@example.org,1582065391
29,Riya Mohan,Male,21,Hyderabad,Delhi,mastersamaksh@example.com,0957847801
30,Udarsh Muni,Male,50,Jaipur,Madhya Pradesh,aarna38@example.com,8386184026
31,Rachana Ganesan,Female,58,Hyderabad,Uttar Pradesh,madhavimannan@example.net,6321265448
32,Thomas Dass,Female,51,Lucknow,Delhi,damini89@example.net,1890438318
33,Hemani Bhavsar,Male,28,Bhopal,Delhi,loganvora@example.com,7740340345
34,Hiral Din,Male,28,Noida,Telangana,shivani04@example.org,3845146106
35,Dipta Patla,Female,26,Kanpur,Maharashtra,hloke@example.net,7261072995
36,Samarth Thakur,Female,23,Noida,Uttar Pradesh,kaidesai@example.org,8692391432
37,Girish Chanda,Male,25,Hyderabad,Maharashtra,farhan38@example.com,6864246225
38,Dayamai Manne,Male,60,Lucknow,Maharashtra,finnrandhawa@example.com,4128842074
39,Azaan Natt,Male,21,Kanpur,Maharashtra,siya97@example.com,0715027523
40,Upma Shroff,Female,42,Bhopal,Madhya Pradesh,aryaxalak@example.org,4069484273
41,Mahika Uppal,Male,39,Kanpur,Delhi,keerharsh@example.com,8632054656
42,Vrinda Naidu,Female,25,Noida,Uttar Pradesh,uprasad@example.net,4760709088
43,Girish Lal,Male,24,Patna,Uttar Pradesh,ansh97@example.com,6907864635
44,Dayamai Wason,Male,37,Kanpur,Madhya Pradesh,mitteramol@example.com,8741803624
45,Bhavika Rai,Male,36,Pune,Uttar Pradesh,dvarty@example.net,0258454148
46,Gabriel Vyas,Female,24,Hyderabad,Madhya Pradesh,snatt@example.org,1326894975
47,Falan Gopal,Female,37,Mumbai,Uttar Pradesh,frederick67@example.com,5718399680
48,Ekaraj Choudhry,Female,28,Delhi,Telangana,qbrahmbhatt@example.com,7264112044
49,Rachita Yohannan,Female,52,Noida,Uttar Pradesh,amahal@example.net,6580050288
50,Kritika Sunder,Male,33,Mumbai,Uttar Pradesh,max71@example.org,9562249914
51,Suhani Bera,Female,29,Jaipur,Maharashtra,rushildate@example.net,7851334572
52,Chavvi Narayan,Female,44,Pune,Rajasthan,balvanrajagopal@example.com,7458013376
53,Ekaja Anand,Male,32,Kanpur,Uttar Pradesh,yoshita69@example.org,9769645209
54,Xiti Thakur,Female,19,Noida,Delhi,tkurian@example.com,8557780755
55,Christopher Sani,Female,60,Lucknow,Uttar Pradesh,janyachhabra@example.com,8612542956
56,Ishani Gala,Female,40,Hyderabad,Bihar,ekanigoswami@example.org,0148965808
57,Chakrika Solanki,Female,31,Lucknow,Rajasthan,neelima80@example.net,4662407095
58,Vedhika Patel,Female,25,Jaipur,Maharashtra,henrypal@example.net,9842881157
59,Yachana Date,Male,26,Delhi,Delhi,vgaba@example.com,0781206442
60,Vasatika Deshmukh,Male,44,Kanpur,Bihar,zgupta@example.org,2988454591
61,Amara Patil,Female,31,Kanpur,Bihar,jasonanand@example.net,9320401422
62,Arunima Patla,Female,53,Patna,Uttar Pradesh,vasatikananda@example.org,4381849050
63,Vedant Sane,Female,48,Mumbai,Uttar Pradesh,bhardwajyutika@example.com,0707978808
64,Hemani Bhagat,Female,56,Lucknow,Uttar Pradesh,arjun27@example.com,5453040712
65,Lakshit Raja,Female,28,Jaipur,Telangana,yauvani77@example.com,4811957695
66,Chanchal Sridhar,Female,44,Mumbai,Bihar,yatin18@example.org,6847190060
67,Ayushman Morar,Male,28,Delhi,Bihar,gopal41@example.org,6909938604
68,Rachit Yohannan,Female,55,Pune,Delhi,yravel@example.org,6544451491
69,Fiyaz Kakar,Male,20,Bhopal,Delhi,odevan@example.net,9410438477
70,Ishwar Mukhopadhyay,Male,32,Hyderabad,Rajasthan,deoamaira@example.org,0605205312
71,Ishaan Patla,Male,30,Patna,Uttar Pradesh,etasubramaniam@example.org,4862940876
72,Charvi Maharaj,Female,19,Lucknow,Uttar Pradesh,shahavi@example.org,8559452979
73,Gaurav Rai,Male,58,Mumbai,Madhya Pradesh,leelachad@example.net,6080870643
74,Mason Pal,Male,42,Noida,Bihar,mzachariah@example.net,9818618557
75,Abhimanyu Lata,Male,43,Patna,Maharashtra,hayermadhav@example.net,5227810225
76,Vasana Mahajan,Male,51,Bhopal,Maharashtra,shankardipta@example.net,9171975310
77,Peter Bhasin,Male,60,Delhi,Maharashtra,zayansandal@example.net,4436006301
78,Jeremiah Tank,Female,32,Pune,Uttar Pradesh,narayanodika@example.org,4077356077
79,Ekapad Bal,Male,26,Patna,Telangana,harshil50@example.org,4526667847
80,Sanaya Aurora,Male,23,Patna,Madhya Pradesh,vasanaoak@example.org,9513773011
81,Yutika Sundaram,Female,40,Hyderabad,Delhi,nbansal@example.net,6178363850
82,Mugdha Ram,Male,41,Kanpur,Uttar Pradesh,rajatanayar@example.org,6954872547
83,Harinakshi Tiwari,Female,59,Patna,Madhya Pradesh,khuranabishakha@example.net,9781184649
84,Mahika Palla,Male,45,Lucknow,Uttar Pradesh,hkalita@example.org,2736356616
85,Devansh Thakur,Female,50,Pune,Maharashtra,megha61@example.com,1408914706
86,Ojasvi Nadig,Male,28,Lucknow,Madhya Pradesh,arunima17@example.org,6292525038
87,Noah Rana,Male,44,Bhopal,Rajasthan,ranaamaira@example.com,8850128086
88,Chakrika Butala,Female,31,Kanpur,Rajasthan,banikyasti@example.net,4686001829
89,Pallavi Balay,Female,36,Noida,Madhya Pradesh,kaleadya@example.net,3168754317
90,Udyati Choudhury,Male,21,Pune,Uttar Pradesh,zaid18@example.net,2462970160
91,Tanveer Bhargava,Female,35,Pune,Delhi,aarnaborde@example.com,2489381574
92,Dhruv Palla,Female,34,Kanpur,Bihar,gararishi@example.com,1296498535
93,Damyanti Srinivasan,Male,51,Lucknow,Bihar,fitanramakrishnan@example.com,0213549943
94,Janani Hayre,Female,29,Hyderabad,Maharashtra,mangatmaya@example.org,4375429319
95,Tripti Swamy,Male,41,Kanpur,Uttar Pradesh,nkhosla@example.org,9523470802
96,Jeevika Patla,Male,34,Delhi,Bihar,balria@example.org,9110154814
97,Vedant Ramakrishnan,Female,29,Pune,Maharashtra,balhaarroy@example.net,7760692236
98,Chatura Sathe,Female,40,Delhi,Rajasthan,yatansawhney@example.org,3509995191
99,Neha Reddy,Male,50,Delhi,Madhya Pradesh,varshasachdev@example.net,0502407540
100,Oviya Vala,Male,18,Patna,Telangana,jpanchal@example.com,5725366873
101,Bachittar Iyer,Male,42,Hyderabad,Uttar Pradesh,aarav12@example.net,5138640393
102,Nakul Jayaraman,Female,55,Delhi,Telangana,kashish21@example.com,7304781820
103,Libni Chacko,Male,51,Noida,Telangana,gaurimore@example.net,7307212071
104,Zaitra Bir,Female,56,Bhopal,Uttar Pradesh,krishnamodi@example.org,0813217102
105,Aarav Chaudhry,Female,52,Delhi,Delhi,rachitnarain@example.org,1980689582
106,Balendra Mandal,Male,37,Noida,Uttar Pradesh,ksawhney@example.com,4054942602
107,Libni Rai,Male,42,Patna,Uttar Pradesh,pradhansuhani@example.com,3933023176
108,Chaaya Savant,Male,24,Patna,Telangana,diyaanand@example.net,9833100367
109,Upkaar Saraf,Female,57,Kanpur,Bihar,brijeshgoda@example.org,7925741338
110,Hitesh Comar,Female,42,Pune,Uttar Pradesh,zkuruvilla@example.org,3243625556
111,George Char,Male,41,Jaipur,Bihar,chandanikara@example.net,5727765216
112,Tara Tak,Female,20,Mumbai,Telangana,chandorinder@example.org,7805086797
113,Rachana Choudhury,Male,50,Delhi,Delhi,borabhavya@example.net,3706514768
114,Andrew Bhattacharyya,Female,28,Hyderabad,Uttar Pradesh,murthyyagnesh@example.org,9154223277
115,Ekanta Ratti,Male,27,Noida,Uttar Pradesh,mandavrishti@example.org,8387911781
116,Hitesh Suri,Male,45,Kanpur,Maharashtra,chadasanaya@example.org,7360818013
117,Vrishti Sundaram,Male,41,Kanpur,Bihar,ddube@example.com,2998851369
118,Pavani Barad,Male,28,Bhopal,Bihar,unath@example.com,5336227719
119,Victor Baral,Female,19,Noida,Madhya Pradesh,diptadesai@example.com,9237898909
120,Harish Dutta,Male,27,Noida,Madhya Pradesh,zsem@example.net,0430889536
121,Liam Mangat,Female,26,Bhopal,Maharashtra,pathakveer@example.net,2630802670
122,Ryan Batta,Male,38,Bhopal,Bihar,modyijaya@example.com,5024716293
123,Daniel Shah,Male,21,Hyderabad,Uttar Pradesh,oakwakeeta@example.org,7755196518
124,Yashvi Boase,Female,21,Lucknow,Madhya Pradesh,noah57@example.org,9505531660
125,Dayita Dasgupta,Male,57,Jaipur,Telangana,udant67@example.net,5124248303
126,Ranveer Thakur,Male,47,Pune,Maharashtra,vyanjanabhalla@example.com,8948691111
127,Ikshita Bera,Male,60,Delhi,Bihar,zayankrishnamurthy@example.org,7560541803
128,Wridesh Bala,Male,54,Noida,Uttar Pradesh,guneet52@example.com,9356636052
129,Nilima Chacko,Female,21,Delhi,Madhya Pradesh,lucky66@example.net,7983185807
130,Laksh Naik,Female,34,Bhopal,Telangana,simon46@example.org,0552092137
131,Rushil Gera,Male,37,Kanpur,Uttar Pradesh,shethdakshesh@example.net,9935317474
132,Meera More,Female,52,Jaipur,Uttar Pradesh,ishaan40@example.com,1422351574
133,Udyati Deshmukh,Male,34,Pune,Maharashtra,nadigforum@example.org,0107972057
134,Charles Lal,Male,28,Lucknow,Maharashtra,pallavi29@example.com,2406640436
135,Lipika Narayan,Male,53,Jaipur,Maharashtra,wyattramachandran@example.com,3253598529
136,Hemani Pandya,Female,38,Kanpur,Uttar Pradesh,nagyamrita@example.net,9876107686
137,Aachal Palan,Male,60,Kanpur,Rajasthan,azadissac@example.com,8989124221
138,Hema Oak,Male,32,Pune,Maharashtra,simonwalia@example.net,3911952211
139,Kritika Ghosh,Male,50,Noida,Uttar Pradesh,pillayjeevika@example.net,6895110415
140,Siya Suri,Female,54,Jaipur,Delhi,indali63@example.net,1445233651
141,Oeshi Sankaran,Female,25,Hyderabad,Telangana,shaurya33@example.net,0090151289
142,Luke Saha,Male,32,Delhi,Uttar Pradesh,tarakmittal@example.org,8951617891
143,Ati Choudhry,Male,20,Hyderabad,Maharashtra,ayushmanray@example.net,0509156471
144,Lohit Puri,Male,56,Lucknow,Uttar Pradesh,upasnamadan@example.net,6632362646
145,Yashawini Thaker,Male,19,Lucknow,Maharashtra,zkata@example.org,6419701348
146,Tanveer Rege,Female,38,Jaipur,Maharashtra,poojadatta@example.net,1158597136
147,Reva Dayal,Female,50,Mumbai,Uttar Pradesh,sanghafaras@example.org,2350563817
148,Manthan Brar,Male,20,Noida,Uttar Pradesh,logan32@example.com,8431398549
149,Jagat Nanda,Female,53,Delhi,Uttar Pradesh,urvishukla@example.com,4615905678
150,Samar Loyal,Male,24,Pune,Madhya Pradesh,bsachdeva@example.net,0848364026
151,Geetika Mander,Female,40,Lucknow,Rajasthan,vedant16@example.net,3796705699
152,Alka Rai,Male,24,Delhi,Delhi,nilimahegde@example.net,2538454653
153,Sarthak Narang,Female,30,Noida,Maharashtra,girik31@example.com,7937812744
154,Kiaan Bhandari,Male,22,Lucknow,Delhi,gokhalejagdish@example.net,4385064864
155,Zansi Sane,Male,40,Delhi,Telangana,urvi95@example.org,4348409531
156,Amruta Mohan,Female,54,Jaipur,Uttar Pradesh,rajomaja@example.net,9524135259
157,Jalsa Sood,Female,27,Hyderabad,Bihar,cchandra@example.net,2753422941
158,Ekta Ravi,Male,35,Jaipur,Telangana,waidachatterjee@example.org,5290795416
159,Jairaj Yadav,Female,55,Kanpur,Rajasthan,jagvi46@example.org,4458202667
160,Balveer Buch,Male,24,Patna,Uttar Pradesh,reyansh94@example.net,2254741120
161,Faris Balasubramanian,Female,20,Hyderabad,Madhya Pradesh,jtandon@example.com,8811096264
162,Madhav Yohannan,Female,49,Noida,Bihar,sethiwarda@example.org,7864995806
163,Reva Edwin,Male,38,Patna,Rajasthan,dmital@example.com,7523233823
164,Shivani Kari,Female,39,Hyderabad,Uttar Pradesh,parmarpatrick@example.net,1811560113
165,Anirudh Chakraborty,Female,33,Kanpur,Madhya Pradesh,falak11@example.org,1839552619
166,Parth Upadhyay,Male,52,Mumbai,Maharashtra,chasmum29@example.org,5975645936
167,Zarna Badami,Male,46,Hyderabad,Maharashtra,yashodhara29@example.net,2715969437
168,Zarna Chander,Female,36,Mumbai,Maharashtra,mannegirindra@example.net,7818422488
169,Nisha Kumar,Male,50,Hyderabad,Madhya Pradesh,xdixit@example.com,5282908554
170,Ria Chandra,Male,23,Delhi,Uttar Pradesh,veda85@example.net,5444196690
171,Ronith Mistry,Female,60,Patna,Uttar Pradesh,balgautam@example.net,0474304666
172,Warda Dixit,Male,27,Noida,Uttar Pradesh,qmistry@example.org,9405835447
173,Patrick Wali,Female,19,Noida,Uttar Pradesh,adevan@example.org,2112256849
174,Chakrika Batra,Male,43,Jaipur,Maharashtra,indali60@example.com,4302737813
175,Rachit Chauhan,Female,56,Jaipur,Rajasthan,bishakha14@example.org,2755209661
176,Chameli Mahal,Female,45,Bhopal,Maharashtra,vrishtisandal@example.org,7498740252
177,Baghyawati Ganesan,Male,20,Pune,Madhya Pradesh,unnikrishnamurthy@example.net,1816181917
178,Wyatt Taneja,Male,60,Delhi,Delhi,raghavaninaya@example.com,7896896862
179,Januja Gupta,Female,22,Pune,Uttar Pradesh,patrickkota@example.org,5952229344
180,Kashish Gole,Female,50,Patna,Uttar Pradesh,chamelibutala@example.com,1945738717
181,Yochana Minhas,Male,28,Kanpur,Telangana,vedhikarege@example.org,1132452041
182,Chasmum Mittal,Male,34,Bhopal,Maharashtra,dsolanki@example.org,6520016266
183,Tamanna Narayanan,Female,38,Pune,Uttar Pradesh,udyatidhar@example.net,2089533278
184,Nimrat Dasgupta,Male,49,Pune,Maharashtra,xsandhu@example.com,3752948162
185,Nachiket Narayanan,Male,21,Mumbai,Maharashtra,pkumar@example.org,4936457754
186,Zayan Korpal,Female,29,Pune,Bihar,zbawa@example.net,5705991406
187,Varenya Patla,Male,18,Patna,Madhya Pradesh,charitagandhi@example.net,7376633147
188,Nimrat Pai,Female,44,Delhi,Rajasthan,zashilkar@example.org,9449401163
189,Tanveer Tata,Female,49,Patna,Bihar,pushti35@example.com,0688959314
190,Lucky Randhawa,Female,48,Kanpur,Rajasthan,mchander@example.net,0816837588
191,Ojasvi Srivastava,Female,53,Pune,Maharashtra,jsridhar@example.org,1570832631
192,Yagnesh Sura,Female,30,Hyderabad,Uttar Pradesh,lankaharita@example.net,7924116602
193,Yug Zacharia,Male,43,Lucknow,Bihar,deypahal@example.net,0215672065
194,Gautami Sekhon,Female,35,Bhopal,Bihar,sulechakrika@example.net,4762713178
195,Pranav Rau,Female,49,Mumbai,Bihar,kamala21@example.org,4266613098
196,Christopher Khare,Female,55,Kanpur,Madhya Pradesh,oseth@example.com,1516933759
197,Kavya Ganesh,Female,56,Jaipur,Uttar Pradesh,etatripathi@example.com,8648659056
198,Tanish Swamy,Female,23,Delhi,Uttar Pradesh,csekhon@example.com,6765229165
199,Alka Kota,Female,21,Noida,Maharashtra,wadhwasarthak@example.org,8146193704
200,Arin Ghosh,Male,37,Jaipur,Uttar Pradesh,cherianwaida@example.net,4492348075
201,Advika Chakrabarti,Male,43,Delhi,Delhi,hlanka@example.org,8121437818
202,Meera Bhasin,Female,26,Pune,Uttar Pradesh,keyapau@example.net,0943144230
203,Eshana Narang,Female,54,Hyderabad,Maharashtra,upkaar57@example.org,0425966389
204,Gautami Chaudhary,Female,30,Mumbai,Maharashtra,ayaan62@example.com,9467562530
205,Urishilla Malhotra,Female,60,Kanpur,Uttar Pradesh,jalsamukherjee@example.net,7231646764
206,Gavin Trivedi,Female,22,Lucknow,Uttar Pradesh,rpanchal@example.com,0695168745
207,Lipika Viswanathan,Female,29,Noida,Maharashtra,fprakash@example.com,7615772657
208,Rudra Barman,Male,60,Lucknow,Telangana,xgour@example.net,4460285502
209,Sanaya Uppal,Female,34,Bhopal,Madhya Pradesh,yutika53@example.net,7386052947
210,Varsha Saraf,Male,27,Bhopal,Uttar Pradesh,chandresh46@example.net,8893453292
211,Jagvi Sen,Male,19,Lucknow,Uttar Pradesh,lbawa@example.com,5951799395
212,Hitesh Atwal,Female,23,Jaipur,Rajasthan,kamyawagle@example.org,0928574660
213,Chandran Jaggi,Male,48,Patna,Uttar Pradesh,kaurchaman@example.org,6449986218
214,Quincy Sidhu,Male,58,Patna,Bihar,kalaazaan@example.org,5256052997
215,Bhavika Ratta,Male,59,Bhopal,Uttar Pradesh,shethfaraj@example.net,5897367813
216,Abhiram Mangal,Male,32,Patna,Madhya Pradesh,farhanmishra@example.com,1684648586
217,Harinakshi Sarin,Male,47,Lucknow,Uttar Pradesh,vritti77@example.net,3286006321
218,Vasana Narain,Male,33,Pune,Madhya Pradesh,advikasaini@example.org,0693615084
219,Aachal Nayak,Female,56,Jaipur,Uttar Pradesh,anthony03@example.net,9999957719
220,Vivaan Kumar,Female,47,Pune,Uttar Pradesh,omammen@example.net,1714464505
221,Christopher Padmanabhan,Male,34,Mumbai,Uttar Pradesh,vorachakradev@example.com,9448836130
222,Upma Parmer,Female,52,Delhi,Uttar Pradesh,tanejachandran@example.org,5334347994
223,Xavier Raja,Male,53,Lucknow,Telangana,jayaramanayaan@example.com,5594429700
224,David Swaminathan,Male,26,Lucknow,Rajasthan,nidhidube@example.net,8916158420
225,Vasudha Contractor,Male,26,Hyderabad,Maharashtra,rbhatia@example.com,5441485845
226,Saksham Pau,Male,40,Delhi,Uttar Pradesh,hemanimangal@example.net,0216365769
227,Urmi Bera,Female,25,Noida,Bihar,isharamesh@example.com,4641946107
228,Indrajit Sankaran,Male,49,Jaipur,Bihar,smaster@example.com,8546003971
229,Yahvi Apte,Female,33,Delhi,Uttar Pradesh,vmaharaj@example.net,4969396586
230,Neel Bajaj,Male,56,Hyderabad,Maharashtra,knagy@example.net,7630176298
231,Hemang Rajan,Female,24,Delhi,Delhi,idikahans@example.org,6943838430
232,Lekha Chhabra,Female,47,Lucknow,Maharashtra,rajeshri37@example.net,7197384769
233,Laksh Aggarwal,Female,44,Mumbai,Uttar Pradesh,anshdasgupta@example.org,1287128029
234,Mohammed Wable,Male,27,Noida,Maharashtra,nadkarnichanakya@example.com,6375899038
235,Nitesh Garde,Male,52,Kanpur,Maharashtra,oviyavala@example.com,8700897395
236,Neha Dey,Female,54,Mumbai,Delhi,vedazacharia@example.com,7828582316
237,Udarsh Sodhi,Male,47,Patna,Bihar,ishwarmallick@example.org,6365046554
238,Jai Kibe,Female,46,Lucknow,Bihar,nadkarniabeer@example.net,6951279328
239,Watika Gopal,Female,22,Kanpur,Maharashtra,desiya@example.net,2737254015
240,Leela Purohit,Female,45,Pune,Telangana,dahuja@example.com,0568670019
241,Vasana Koshy,Male,42,Kanpur,Rajasthan,vyasalka@example.org,0430054903
242,Vrishti Sachar,Male,41,Mumbai,Uttar Pradesh,advikoza@example.org,3461653002
243,Zayyan Lalla,Female,42,Jaipur,Maharashtra,xchahal@example.com,3342959437
244,Anita Das,Male,24,Lucknow,Maharashtra,ojasparikh@example.com,4138397819
245,Avni Mangat,Male,49,Mumbai,Uttar Pradesh,chadcaleb@example.net,2932478479
246,Qasim Palla,Female,60,Lucknow,Maharashtra,kalladakshesh@example.com,6598294126
247,Anusha Chacko,Male,21,Jaipur,Uttar Pradesh,lbaral@example.com,1085948408
248,Amruta Koshy,Male,54,Lucknow,Uttar Pradesh,duttaanvi@example.com,7287938266
249,Advik Bhatti,Male,55,Pune,Madhya Pradesh,iswamy@example.net,5490102219
250,Kavya Sarraf,Male,43,Pune,Uttar Pradesh,kraval@example.com,4784490539
251,Anamika Bhattacharyya,Female,22,Kanpur,Rajasthan,yashoda44@example.org,8731411166
252,Ekiya Sangha,Female,21,Pune,Maharashtra,indrajit05@example.net,3476233779
253,Luke Zachariah,Female,28,Kanpur,Maharashtra,zsahni@example.net,2766808203
254,Libni Deep,Male,26,Patna,Telangana,radhika82@example.net,6116936157
255,Yuvraj Kapadia,Male,46,Pune,Rajasthan,ipurohit@example.com,3020133932
256,Ikbal Chand,Male,60,Jaipur,Uttar Pradesh,xalak55@example.org,6967072725
257,Reva Nanda,Male,21,Jaipur,Maharashtra,sankargaurav@example.net,0458532861
258,Bhavna Anne,Female,52,Lucknow,Uttar Pradesh,godalibni@example.org,9541727415
259,Omaja Mutti,Female,26,Bhopal,Delhi,kohliazaan@example.com,4158859790
260,Oscar Ganguly,Female,43,Hyderabad,Madhya Pradesh,saumya09@example.com,6637607732
261,Vanya Nayak,Female,22,Kanpur,Telangana,advaith47@example.org,4848953500
262,Kabir Mohanty,Male,57,Pune,Maharashtra,agara@example.com,8466019987
263,Varsha Barad,Female,43,Bhopal,Madhya Pradesh,victor96@example.net,7251254347
264,Noah Rana,Male,47,Hyderabad,Maharashtra,oliver32@example.org,4579359556
265,Upasna Munshi,Male,50,Mumbai,Bihar,qprashad@example.com,3329800807
266,Tanay Jha,Male,57,Kanpur,Bihar,xalakdubey@example.com,6052105153
267,Darpan Atwal,Female,48,Patna,Uttar Pradesh,chopraoeshi@example.net,5343749259
268,Kevin Toor,Female,25,Noida,Maharashtra,lankakashish@example.org,0457988002
269,Tanvi Pandya,Male,28,Kanpur,Maharashtra,urmi99@example.com,2914742516
270,Jasmit Rama,Female,36,Lucknow,Uttar Pradesh,michael96@example.net,6158902492
271,Yuvraj Ramakrishnan,Male,22,Hyderabad,Madhya Pradesh,darikanayak@example.org,3332902020
272,Ansh Rao,Male,39,Delhi,Rajasthan,duttajeremiah@example.net,5765600454
273,Pallavi Lad,Female,43,Noida,Madhya Pradesh,pathakarya@example.org,0470889273
274,Utkarsh Setty,Male,58,Jaipur,Bihar,zgola@example.com,3466655981
275,Neha Mistry,Female,35,Lucknow,Delhi,champakcheema@example.com,1781601722
276,Yug Garde,Female,48,Hyderabad,Delhi,viswanathaneesha@example.com,8330930161
277,Unnati Naik,Male,26,Patna,Madhya Pradesh,ypurohit@example.net,8670011183
278,Chaaya Narayanan,Male,20,Noida,Uttar Pradesh,zaidwali@example.org,2977889675
279,Anamika Minhas,Male,37,Pune,Madhya Pradesh,proy@example.org,7270605875
280,Bahadurjit Krishna,Female,35,Bhopal,Uttar Pradesh,lborde@example.net,8103473135
281,Vanya Sami,Female,36,Mumbai,Uttar Pradesh,gopalsinghal@example.org,0594002361
282,Vaishnavi Dyal,Male,32,Bhopal,Maharashtra,lkoshy@example.org,9976799609
283,Advaith Kara,Female,39,Mumbai,Telangana,nkhatri@example.net,7799012288
284,Gavin Singh,Male,36,Bhopal,Telangana,hdin@example.com,2600185252
285,Jyoti Chad,Male,24,Kanpur,Uttar Pradesh,mahika72@example.net,7491600009
286,Ishanvi Setty,Female,24,Bhopal,Rajasthan,fbahri@example.org,4618379775
287,Advika Subramanian,Male,58,Hyderabad,Uttar Pradesh,hgade@example.org,3468520972
288,Akshay Dutta,Male,25,Delhi,Maharashtra,anay92@example.com,6637786456
289,Aishani Pillay,Male,47,Noida,Maharashtra,senguptaudarsh@example.com,8273346161
290,Eesha De,Male,37,Hyderabad,Rajasthan,veer43@example.net,8595527576
291,Shivani Wason,Female,48,Pune,Uttar Pradesh,prisha15@example.com,3518434138
292,Manan Aggarwal,Male,37,Delhi,Telangana,nagarchameli@example.net,4735944037
293,Veer Loke,Female,52,Kanpur,Telangana,peter80@example.net,4053927097
294,Jasmit Srivastava,Male,49,Delhi,Maharashtra,sibalomkaar@example.org,5829017824
295,Krishna Kannan,Male,56,Patna,Rajasthan,vigisaiah@example.org,6876679112
296,Harsh Chaudry,Male,24,Noida,Uttar Pradesh,janieesha@example.org,7705212386
297,Hitesh Parekh,Female,26,Jaipur,Madhya Pradesh,zarnaparikh@example.com,9993578728
298,Jairaj Nagar,Male,51,Hyderabad,Uttar Pradesh,nathaniel80@example.net,7173073083
299,Netra Sachdeva,Female,31,Jaipur,Madhya Pradesh,yaminishroff@example.org,4255487166
300,Chakradev Sinha,Male,38,Noida,Uttar Pradesh,mohammed87@example.org,0453596200
301,Hemang Krish,Female,59,Bhopal,Uttar Pradesh,qprabhu@example.net,3696626795
302,Dominic Gala,Female,21,Patna,Telangana,thomaschar@example.net,3461768059
303,Saksham Jain,Female,33,Mumbai,Maharashtra,divannaveen@example.com,5568374485
304,Rachit Keer,Male,42,Delhi,Maharashtra,yravel@example.org,5881377194
305,Lekha Contractor,Male,40,Lucknow,Maharashtra,goelfitan@example.com,6855617537
306,Omaja Dave,Female,34,Noida,Madhya Pradesh,ptaneja@example.com,7920171758
307,Ekantika Bhargava,Female,24,Noida,Delhi,sarinyug@example.net,4714668821
308,Charita Sastry,Female,35,Mumbai,Bihar,divyashukla@example.com,4480495886
309,Aryan Mishra,Male,44,Lucknow,Delhi,rsane@example.com,4980936951
310,Upkaar Randhawa,Female,40,Kanpur,Maharashtra,saimenon@example.com,0208990128
311,Harish Mitra,Male,58,Hyderabad,Delhi,nakshpanchal@example.com,5898405530
312,Pranit Agrawal,Male,29,Delhi,Rajasthan,xvala@example.com,2037755585
313,Adya Som,Female,41,Kanpur,Telangana,skara@example.net,8929049938
314,Nathaniel Palla,Male,37,Patna,Rajasthan,manan68@example.net,0806304915
315,Chakradhar Bandi,Male,28,Hyderabad,Rajasthan,arinchowdhury@example.org,2272969400
316,Pavani Ramaswamy,Male,53,Pune,Uttar Pradesh,vasudha47@example.net,0090985431
317,Udyati Talwar,Female,20,Patna,Uttar Pradesh,tripti03@example.com,5989075627
318,Aarini Buch,Female,37,Jaipur,Delhi,chaudharivasudha@example.com,7059721281
319,Urvashi Keer,Male,53,Noida,Madhya Pradesh,samaksh77@example.org,8710279230
320,Dalaja Anne,Female,50,Patna,Uttar Pradesh,mramanathan@example.org,1871159710
321,Janaki Amble,Female,35,Kanpur,Bihar,aryapatla@example.org,6769435246
322,Tanmayi Natt,Female,37,Mumbai,Maharashtra,adin@example.org,4980355445
323,Kritika Thakur,Female,57,Noida,Maharashtra,salvidamini@example.org,8800428551
324,Logan Sengupta,Male,41,Pune,Telangana,hsabharwal@example.net,0483212381
325,Onveer Kakar,Male,31,Lucknow,Maharashtra,bhallachakradhar@example.com,8474053178
326,Brinda Suri,Female,22,Patna,Telangana,jainkashish@example.net,1658126671
327,Jeet Narasimhan,Male,32,Kanpur,Uttar Pradesh,eeshasachdeva@example.com,8389538618
328,Sudiksha Hora,Male,46,Hyderabad,Maharashtra,isha32@example.org,4685035690
329,Chakradhar Garde,Female,19,Pune,Maharashtra,mitranaveen@example.com,7912165475
330,Vasudha Singh,Female,27,Hyderabad,Uttar Pradesh,hardiksunder@example.com,1282009405
331,Theodore Parsa,Female,41,Hyderabad,Uttar Pradesh,radhakrishnansiddharth@example.net,5617167512
332,Nilima Seth,Male,36,Delhi,Delhi,anvisaini@example.net,0512326829
333,Naveen Bahri,Female,39,Bhopal,Delhi,soniyachana@example.org,0179521863
334,Tripti Sethi,Male,54,Bhopal,Uttar Pradesh,chowdhuryubika@example.org,7231783712
335,Wahab Sachar,Male,35,Mumbai,Bihar,nseth@example.com,7351432984
336,Edhitha Tailor,Female,47,Pune,Uttar Pradesh,isaac26@example.org,6628519703
337,Pushti Sawhney,Female,45,Pune,Rajasthan,murthyvritti@example.org,3321667441
338,Aarnav Atwal,Male,24,Hyderabad,Rajasthan,xnayak@example.org,4437326995
339,Jeevika Minhas,Male,23,Lucknow,Uttar Pradesh,omyasinha@example.org,3098907623
340,Wazir Sodhi,Female,34,Patna,Rajasthan,wpandey@example.net,8795662516
341,Eta Dar,Female,53,Mumbai,Maharashtra,anya52@example.net,5045660029
342,Triya Pradhan,Female,57,Hyderabad,Uttar Pradesh,hiralkapoor@example.com,6126311747
343,Chandresh Vaidya,Male,21,Kanpur,Uttar Pradesh,rananiharika@example.org,1947098398
344,Samaksh Arora,Male,54,Pune,Madhya Pradesh,seshadriyashoda@example.net,0998578144
345,Karan Dani,Male,46,Lucknow,Rajasthan,avnikaran@example.net,3737506113
346,Dayita Kant,Male,55,Jaipur,Maharashtra,hemalsengupta@example.org,7224826785
347,Max Menon,Female,34,Jaipur,Maharashtra,nachiket39@example.net,8235362392
348,Pranit Modi,Female,32,Bhopal,Madhya Pradesh,fradobhattacharyya@example.com,5548018785
349,Widisha Gaba,Female,30,Bhopal,Madhya Pradesh,kthakur@example.net,8394401546
350,Yamini Gulati,Male,33,Patna,Rajasthan,chavvi70@example.org,6248579724
351,Unni Bora,Male,57,Delhi,Bihar,faraskuruvilla@example.org,5432341684
352,Henry Aurora,Female,21,Bhopal,Maharashtra,walidiya@example.org,0024871628
353,Urmi Upadhyay,Female,23,Jaipur,Madhya Pradesh,hsule@example.net,7813421624
354,Amruta Mall,Male,53,Noida,Delhi,wridesh45@example.com,2908110008
355,Lopa Kulkarni,Female,29,Noida,Delhi,bgarde@example.com,4277072259
356,Isaac Sridhar,Female,50,Pune,Maharashtra,rsani@example.net,0305046424
357,Manbir Setty,Female,54,Hyderabad,Maharashtra,girik18@example.com,2643799710
358,Laksh Zachariah,Male,19,Hyderabad,Uttar Pradesh,ekantika82@example.com,7965854663
359,Darpan Sood,Male,47,Hyderabad,Delhi,omyaprasad@example.org,3577398599
360,Darsh Shetty,Male,30,Delhi,Bihar,dsaxena@example.net,1774664668
361,Gagan Dayal,Male,19,Bhopal,Telangana,vasana49@example.net,0383294339
362,Tanish Khosla,Male,52,Delhi,Delhi,kmahajan@example.net,5219734556
363,Xiti Baria,Male,37,Lucknow,Uttar Pradesh,tristanwagle@example.com,7710423196
364,Abeer Andra,Female,59,Pune,Maharashtra,rajabimala@example.net,9437104686
365,Siya Wagle,Male,30,Lucknow,Bihar,aashi04@example.net,6602137106
366,Sanya Magar,Female,50,Hyderabad,Uttar Pradesh,hbahl@example.net,1762209395
367,Hredhaan Saran,Female,22,Kanpur,Uttar Pradesh,harshil03@example.com,2564086981
368,Prisha Shan,Female,20,Lucknow,Telangana,niteshrege@example.org,5339957850
369,Ekavir Patla,Male,60,Patna,Bihar,sankarjanaki@example.com,3549355793
370,Inaya Bir,Male,41,Kanpur,Maharashtra,charita82@example.net,2093097396
371,Rachana Saxena,Male,54,Patna,Uttar Pradesh,pkalita@example.com,3911090688
372,Varsha Jain,Female,28,Patna,Rajasthan,kamaladeo@example.org,7781575112
373,Arya Lall,Female,24,Kanpur,Delhi,devanadvika@example.com,6964224850
374,Hritik Sawhney,Female,31,Jaipur,Madhya Pradesh,eesha38@example.org,5450938265
375,Veda Kota,Male,35,Lucknow,Uttar Pradesh,fupadhyay@example.com,5554443336
376,Simon Lad,Male,29,Bhopal,Uttar Pradesh,upma27@example.org,7865094551
377,Azaan Walia,Female,35,Delhi,Telangana,zdani@example.net,9958942374
378,Patrick Brahmbhatt,Female,35,Delhi,Maharashtra,tankjatin@example.org,7849538354
379,Bakhshi Wagle,Female,28,Kanpur,Delhi,chanakyasandal@example.com,1209591296
380,Gauri Tella,Female,45,Jaipur,Uttar Pradesh,sureshsamuel@example.com,9501141850
381,Yamini Badami,Male,22,Mumbai,Rajasthan,ckonda@example.net,7689274612
382,Liam Sachdev,Male,58,Jaipur,Madhya Pradesh,lajita99@example.net,3579221026
383,Neelima Loke,Female,25,Kanpur,Uttar Pradesh,chavvihari@example.org,9505441836
384,Urvashi Sheth,Female,52,Jaipur,Maharashtra,aarnadevi@example.com,5471268382
385,Zayyan Prabhakar,Male,28,Pune,Rajasthan,netra79@example.net,9845689473
386,Neha Karpe,Female,48,Pune,Uttar Pradesh,brijeshkrishnan@example.net,4812192609
387,Qushi Dey,Female,55,Pune,Madhya Pradesh,vrishtikala@example.org,2890564589
388,Meera Chaudhuri,Female,37,Bhopal,Uttar Pradesh,pdutt@example.com,3486775994
389,Yutika Parekh,Male,45,Kanpur,Maharashtra,tsandal@example.org,2643305754
390,Zaitra Bir,Female,22,Mumbai,Uttar Pradesh,ahujaridhi@example.com,7635532993
391,Sathvik Hora,Female,42,Patna,Uttar Pradesh,chanchalvarghese@example.net,8194564108
392,Radha Nigam,Female,41,Bhopal,Maharashtra,shivanibumb@example.com,0268961261
393,Yasti Bava,Female,21,Kanpur,Bihar,mammenbrijesh@example.org,6864650558
394,Rudra Shroff,Female,36,Noida,Uttar Pradesh,farisravi@example.com,4165342824
395,Sai Rao,Male,53,Noida,Maharashtra,bahluwalia@example.com,1069222186
396,Aayush Padmanabhan,Female,29,Lucknow,Uttar Pradesh,jackbrahmbhatt@example.org,9298011545
397,Shaurya Patel,Female,23,Jaipur,Maharashtra,ishaan10@example.org,3980379372
398,Megha Pant,Male,37,Patna,Delhi,vyasharrison@example.com,3675031646
399,Sanaya Panchal,Female,30,Delhi,Uttar Pradesh,tgade@example.org,4587910983
400,Qushi Mital,Male,58,Kanpur,Bihar,jason76@example.com,6695532335
401,Leela Gola,Female,48,Patna,Maharashtra,vincenthora@example.net,3925681120
402,Ladli Pai,Male,45,Noida,Maharashtra,iyengarekapad@example.org,7760764051
403,Daksh Loke,Female,41,Jaipur,Uttar Pradesh,mukherjeekamala@example.net,5759240535
404,Kiaan Muni,Male,47,Kanpur,Delhi,aashikibe@example.net,1296884645
405,Madhav Gill,Male,57,Noida,Maharashtra,ranganathanoscar@example.org,1627176389
406,Advaith Narula,Male,21,Jaipur,Madhya Pradesh,dhingradaksha@example.com,7032443358
407,Darpan Srinivasan,Male,46,Patna,Uttar Pradesh,madhavinaidu@example.org,1176120182
408,Suhani Dasgupta,Male,41,Mumbai,Maharashtra,zdasgupta@example.org,6988922905
409,Brijesh Kothari,Female,20,Kanpur,Uttar Pradesh,dsharaf@example.org,5820040050
410,Jatin Sama,Female,24,Bhopal,Madhya Pradesh,yashodharadeshmukh@example.org,5472297385
411,Aadi Bedi,Female,42,Jaipur,Uttar Pradesh,issaclipika@example.org,2295088931
412,Lipika Johal,Female,41,Lucknow,Rajasthan,wyattsuri@example.net,4085327041
413,Triya Mallick,Male,55,Kanpur,Telangana,kumarkalpit@example.com,0333239173
414,Irya Dubey,Male,58,Jaipur,Uttar Pradesh,ykalita@example.net,9268588622
415,Samar Ramachandran,Female,47,Jaipur,Maharashtra,amaira75@example.org,8876050947
416,Lavanya Agate,Female,23,Lucknow,Bihar,lilagokhale@example.net,6514669801
417,Qasim Varty,Female,20,Mumbai,Uttar Pradesh,leena04@example.com,5804151610
418,Zehaan Thakkar,Female,60,Delhi,Telangana,uchoudhry@example.com,3854986270
419,Vinaya Saran,Female,48,Noida,Uttar Pradesh,qbahri@example.org,5342259287
420,Upkaar Lall,Male,24,Lucknow,Maharashtra,rgoswami@example.org,3799464171
421,Azad Dalal,Male,19,Jaipur,Telangana,nandinigole@example.com,8978764579
422,Michael Goel,Female,44,Kanpur,Telangana,kashvigoda@example.org,2661945566
423,Ishanvi Chandran,Female,60,Kanpur,Maharashtra,rakshabawa@example.com,5933398136
424,Ekantika Chaudhary,Male,50,Jaipur,Bihar,bhavanirattan@example.net,5208491035
425,Bina Shroff,Female,44,Delhi,Telangana,aishanichoudhury@example.org,0753101365
426,Isha Khanna,Female,50,Lucknow,Maharashtra,wableunni@example.com,1947877048
427,Ekanta Jhaveri,Male,52,Patna,Bihar,libnichadha@example.net,4201270517
428,Devika Garg,Male,19,Noida,Uttar Pradesh,parmertara@example.com,6270019783
429,Janaki Chadha,Female,34,Mumbai,Delhi,kavyakapadia@example.org,6157968598
430,Hredhaan Dani,Female,35,Delhi,Delhi,xalak83@example.org,3243960467
431,Simon Chhabra,Male,19,Bhopal,Bihar,yashtiwari@example.org,0165241256
432,Chameli Date,Female,37,Patna,Telangana,sehgaldalaja@example.com,6276318631
433,Balendra Kulkarni,Female,35,Delhi,Rajasthan,rajagopalanyamini@example.org,0195751718
434,Mitesh Sule,Female,18,Patna,Rajasthan,patrick02@example.org,7695412552
435,Zansi Sibal,Male,34,Bhopal,Telangana,anya28@example.com,4681300964
436,Rudra Kohli,Female,54,Pune,Madhya Pradesh,watikakarpe@example.com,1943437645
437,Tara Nagarajan,Female,20,Noida,Maharashtra,janiinaya@example.com,3544644312
438,Nitesh Hayre,Male,53,Lucknow,Maharashtra,ekbalmital@example.com,8853453608
439,Lajita Pathak,Female,35,Kanpur,Uttar Pradesh,dewangayathri@example.org,1400096480
440,Joshua Mishra,Female,41,Jaipur,Rajasthan,kalatamanna@example.net,4883246430
441,Lavanya Sethi,Female,18,Jaipur,Delhi,fmistry@example.org,0701116022
442,Balendra Pillai,Male,59,Mumbai,Rajasthan,timothy04@example.com,6328420599
443,Eiravati Issac,Female,20,Pune,Maharashtra,dhruvbawa@example.org,8658470202
444,Banjeet Vohra,Male,40,Bhopal,Uttar Pradesh,aryaghose@example.net,7058175296
445,Chaaya Bora,Male,52,Pune,Delhi,qchaudhuri@example.net,3627805541
446,Hema Nagar,Male,50,Kanpur,Madhya Pradesh,kalaanita@example.org,3837945503
447,Dalbir Om,Male,33,Bhopal,Rajasthan,chaitanyagola@example.org,7469966319
448,Bhavika Dara,Male,59,Jaipur,Uttar Pradesh,rameshryan@example.net,8834332406
449,Oeshi Chaudhuri,Male,41,Kanpur,Bihar,omya33@example.com,6881786092
450,Advika Kota,Male,37,Lucknow,Telangana,ekaraj41@example.net,7610874345
451,Vansha Dewan,Female,20,Pune,Maharashtra,krish88@example.org,6888341359
452,Nathan Rege,Male,21,Noida,Rajasthan,pchaudry@example.org,3245585295
453,Samesh Padmanabhan,Female,25,Patna,Uttar Pradesh,pavani89@example.org,5763671041
454,Warjas Natt,Female,36,Kanpur,Rajasthan,ibatta@example.com,0094043095
455,Balvan Mohanty,Male,40,Bhopal,Uttar Pradesh,ayushmanboase@example.com,9920231391
456,Oni Kapur,Male,40,Delhi,Uttar Pradesh,zbora@example.com,5090155506
457,Varsha Chada,Female,34,Jaipur,Maharashtra,baliyashoda@example.com,7342931140
458,Gautam Handa,Male,37,Pune,Uttar Pradesh,dhawannandini@example.net,4337464907
459,Triya Dua,Female,33,Pune,Rajasthan,mmajumdar@example.com,6342057567
460,Andrew Sawhney,Female,26,Pune,Uttar Pradesh,chaayaswamy@example.com,4483209755
461,Anmol Patla,Male,35,Lucknow,Bihar,chaitanya31@example.org,0136652882
462,Riya Gera,Female,53,Jaipur,Rajasthan,oshasrinivasan@example.net,8105695537
463,Tanvi Zachariah,Male,18,Kanpur,Uttar Pradesh,tamannamistry@example.net,2449245699
464,Abdul Nazareth,Male,60,Jaipur,Maharashtra,guneetdutta@example.com,5927551222
465,Prisha Kata,Female,22,Kanpur,Bihar,hemanginiloke@example.com,7002644224
466,Januja Agrawal,Female,31,Kanpur,Telangana,rdash@example.com,0508268149
467,Saksham Bath,Female,30,Mumbai,Maharashtra,ogill@example.net,2609646739
468,Edhitha Datta,Female,52,Patna,Uttar Pradesh,champak73@example.net,8754468830
469,Chakradhar Hayer,Male,30,Noida,Maharashtra,deepa09@example.net,0124793805
470,Aarini Minhas,Female,57,Kanpur,Bihar,udantkakar@example.com,5453138520
471,Damyanti Doshi,Female,51,Jaipur,Telangana,advaith42@example.com,4619264199
472,Nitesh Datta,Female,58,Delhi,Delhi,varkeyanmol@example.net,4500177664
473,Isaac Lala,Male,22,Hyderabad,Uttar Pradesh,manefrado@example.com,8913850571
474,Barkha Brahmbhatt,Male,38,Jaipur,Uttar Pradesh,hritik78@example.org,0854541615
475,Amruta Tank,Male,49,Delhi,Uttar Pradesh,kritika95@example.net,5741012159
476,Timothy Sheth,Male,43,Hyderabad,Delhi,narayanowen@example.net,9644006784
477,Praneel Roy,Male,35,Delhi,Uttar Pradesh,aandra@example.com,6690769775
478,Ronith Rana,Male,49,Hyderabad,Uttar Pradesh,janani44@example.org,1323931936
479,Osha Murty,Male,50,Hyderabad,Maharashtra,sdora@example.org,5558055164
480,Xavier Morar,Female,40,Noida,Madhya Pradesh,raylohit@example.com,3778588837
481,Tamanna Kaur,Male,31,Kanpur,Uttar Pradesh,jagvi64@example.net,1976319388
482,Netra Patel,Male,58,Lucknow,Maharashtra,gaurav53@example.net,8255393370
483,Sanaya Iyer,Female,30,Jaipur,Bihar,harsh12@example.org,9306444306
484,Advik Nanda,Female,45,Kanpur,Delhi,brijeshsrivastava@example.com,9320900787
485,Madhavi Nanda,Female,37,Hyderabad,Uttar Pradesh,reddyrajeshri@example.com,9199210326
486,Zehaan Kota,Female,32,Pune,Maharashtra,hamsini46@example.com,7054175974
487,Unnati Samra,Male,54,Jaipur,Maharashtra,fariqkuruvilla@example.org,6682341957
488,Faris Chaudhary,Female,40,Bhopal,Uttar Pradesh,sseth@example.com,4893629050
489,Charles Thakur,Male,49,Delhi,Maharashtra,radhadeol@example.com,5500762071
490,Aachal Peri,Male,56,Kanpur,Telangana,madanamruta@example.com,7446167695
491,Laksh Chadha,Male,53,Delhi,Bihar,udeshpande@example.com,8386235061
492,Finn Venkatesh,Female,47,Noida,Uttar Pradesh,siddharthsarraf@example.net,1017856164
493,Qarin Uppal,Male,29,Kanpur,Bihar,shazashil@example.net,1661527057
494,Dhriti Bath,Male,18,Patna,Uttar Pradesh,dinzayyan@example.net,7955331123
495,Bhavini Deol,Male,23,Hyderabad,Maharashtra,anyatailor@example.com,5918306805
496,Teerth Suri,Female,55,Kanpur,Delhi,atharvmistry@example.com,0695580370
497,Fariq Thakkar,Female,44,Delhi,Maharashtra,inaya73@example.org,4773779480
498,Raghav Chakrabarti,Male,57,Kanpur,Maharashtra,bajajjeremiah@example.com,7224149464
499,Sara Muni,Female,41,Bhopal,Uttar Pradesh,ode@example.org,9130542941
500,Harinakshi Palan,Female,25,Mumbai,Delhi,nilima71@example.org,0381685797
501,Champak Prabhu,Male,28,Lucknow,Uttar Pradesh,xiti17@example.org,7482615567
502,Vidhi Kaul,Male,25,Delhi,Maharashtra,xkant@example.com,5413166576
503,Kashish Tella,Female,36,Jaipur,Maharashtra,npathak@example.net,1926029143
504,Finn Sawhney,Female,59,Mumbai,Uttar Pradesh,shravya97@example.net,5719826263
505,Meera Sankaran,Male,39,Mumbai,Uttar Pradesh,fradonagi@example.com,7109772009
506,Hitesh Jha,Female,55,Bhopal,Uttar Pradesh,christopher45@example.org,9935109778
507,Advik Mani,Female,33,Kanpur,Telangana,madhav54@example.com,9168046946
508,Qabil Chowdhury,Male,25,Patna,Bihar,asamra@example.net,0836413467
509,Mahika Kala,Male,34,Patna,Telangana,rushilborah@example.net,3932087021
510,Eta Mangat,Female,21,Bhopal,Uttar Pradesh,pranit11@example.org,8434823115
511,Yashawini Kota,Female,30,Pune,Maharashtra,rachitdalia@example.net,5296456221
512,Sara Chaudry,Male,26,Patna,Madhya Pradesh,ramayash@example.com,2098619823
513,Ronith Wable,Female,37,Kanpur,Uttar Pradesh,dsridhar@example.net,9253729041
514,Mugdha Peri,Female,40,Mumbai,Uttar Pradesh,samigagan@example.org,4510127809
515,Isha Gera,Male,44,Bhopal,Rajasthan,kavya28@example.com,7512613565
516,Udyati Swaminathan,Female,29,Patna,Delhi,arin11@example.com,7353174058
517,Jhalak Lata,Female,28,Hyderabad,Maharashtra,knarain@example.net,1202871438
518,Faras Iyer,Male,58,Lucknow,Maharashtra,matthew20@example.com,4307911986
519,Hemang Mital,Male,24,Lucknow,Rajasthan,warjastripathi@example.org,7181219080
520,Darika Nanda,Male,45,Pune,Madhya Pradesh,tripti53@example.net,1596818809
521,Nidhi Ray,Female,51,Noida,Maharashtra,masternoah@example.com,4184091822
522,Sara Sehgal,Male,47,Lucknow,Rajasthan,ssaran@example.org,7278121972
523,Umang Chopra,Male,48,Pune,Uttar Pradesh,qminhas@example.net,1610970372
524,Rachana Roy,Male,45,Hyderabad,Uttar Pradesh,venkateshjanya@example.com,1648735992
525,Hamsini Nagarajan,Female,45,Lucknow,Maharashtra,seshadrivaishnavi@example.org,3240239890
526,Praneel More,Female,28,Mumbai,Maharashtra,dharnitesh@example.org,7091550882
527,Caleb De,Male,21,Hyderabad,Uttar Pradesh,zjha@example.com,6523086324
528,Faras Dayal,Male,53,Hyderabad,Bihar,chanchal82@example.org,1349555600
529,Triya Minhas,Male,40,Noida,Maharashtra,anirudhkhurana@example.org,1786560769
530,Siddharth Maharaj,Female,29,Pune,Uttar Pradesh,tejassubramaniam@example.net,9286773184
531,Lopa Wable,Female,32,Noida,Telangana,baralalexander@example.org,9537706065
532,Sathvik Babu,Female,38,Pune,Uttar Pradesh,kalaaadhya@example.org,6098433200
533,Ubika Yogi,Female,23,Pune,Uttar Pradesh,ukala@example.net,7572392355
534,Vaishnavi Shroff,Male,51,Mumbai,Delhi,utiwari@example.org,4735710700
535,Amara Dass,Male,38,Patna,Maharashtra,vasana55@example.org,9329296367
536,Devansh Tata,Female,43,Bhopal,Rajasthan,liamsathe@example.com,4068979940
537,Balveer Mitter,Male,37,Bhopal,Bihar,bakshiguneet@example.org,4532479244
538,Zashil Talwar,Female,32,Patna,Rajasthan,dsaran@example.com,6939293566
539,Max Bedi,Male,57,Jaipur,Maharashtra,kmuni@example.com,1756227527
540,Elijah Bal,Male,43,Patna,Bihar,pranit82@example.com,8695099723
541,Rachita Kohli,Female,20,Jaipur,Uttar Pradesh,dharbalvan@example.net,7476856430
542,Max Mallick,Female,41,Patna,Delhi,purohitwarjas@example.com,5990062059
543,Ladli Kar,Male,47,Delhi,Rajasthan,ykeer@example.org,1316717596
544,Wishi Saran,Female,54,Mumbai,Delhi,sunderwaida@example.net,1165914449
545,Rajata Memon,Male,20,Delhi,Telangana,dewandhriti@example.net,6208320683
546,Chatresh Chatterjee,Male,45,Lucknow,Maharashtra,thakerdipta@example.com,7169856930
547,Bhavani Misra,Male,34,Lucknow,Uttar Pradesh,chakrabortyforum@example.org,7793862722
548,Ekapad Menon,Female,58,Delhi,Bihar,nagyjanaki@example.com,4851989886
549,Bishakha Tiwari,Male,41,Kanpur,Bihar,krishna44@example.com,2170581288
550,Fariq Badami,Female,59,Noida,Telangana,ekalinga74@example.net,6435663192
551,Saumya Parsa,Male,42,Lucknow,Uttar Pradesh,tiwaririya@example.com,1473273241
552,Pallavi Wali,Male,29,Hyderabad,Uttar Pradesh,adya83@example.net,4595894567
553,Irya Borah,Female,19,Noida,Maharashtra,ranbiroza@example.org,8893953919
554,Nandini Anand,Male,53,Jaipur,Uttar Pradesh,rmohanty@example.net,5842553956
555,Sanaya Wagle,Female,54,Patna,Maharashtra,gpal@example.net,3009355597
556,Mohini Mistry,Male,50,Kanpur,Uttar Pradesh,natarajanekalinga@example.com,3160956513
557,Kiaan Sem,Female,49,Hyderabad,Bihar,onkar03@example.org,7293387045
558,Ganga Chauhan,Male,24,Delhi,Maharashtra,varkeyindrajit@example.net,1309604072
559,Chasmum Kumer,Female,28,Hyderabad,Telangana,balaindira@example.org,8121558125
560,Abha Upadhyay,Female,53,Patna,Maharashtra,yug00@example.net,2811905737
561,Bahadurjit Muni,Female,19,Kanpur,Bihar,kibeharini@example.org,8445735561
562,Neelima Thaker,Female,46,Pune,Madhya Pradesh,georgebahl@example.org,3575198260
563,Gagan Kalla,Female,60,Noida,Madhya Pradesh,varshaganguly@example.org,1217177319
564,Prisha Dutt,Male,24,Hyderabad,Uttar Pradesh,fsandal@example.org,6163316538
565,Rayaan Muni,Male,48,Patna,Delhi,mekhala37@example.com,4503012509
566,Ranbir Agate,Female,51,Hyderabad,Maharashtra,trivenibhagat@example.com,2918114445
567,Radhika Mital,Male,60,Jaipur,Rajasthan,batranidra@example.org,4530567766
568,Hema Bumb,Male,28,Delhi,Uttar Pradesh,eeshasethi@example.org,6325405162
569,Leena Dhawan,Male,36,Pune,Uttar Pradesh,raghav31@example.org,2847897333
570,Gauri Mani,Female,19,Lucknow,Maharashtra,jeremiahramanathan@example.org,8242285186
571,Tripti Singh,Male,33,Mumbai,Maharashtra,noah47@example.net,5344249513
572,Yashodhara Atwal,Female,50,Jaipur,Uttar Pradesh,osalvi@example.com,0988048746
573,Zayyan Kanda,Male,30,Pune,Rajasthan,gouraadi@example.org,8535614235
574,Irya Datta,Female,36,Jaipur,Uttar Pradesh,liam41@example.net,6287337231
575,Chakradev Keer,Female,40,Hyderabad,Madhya Pradesh,tsama@example.net,5471353113
576,Urvi Bansal,Male,46,Patna,Maharashtra,ljayaraman@example.org,6859197473
577,Ikshita Bhardwaj,Female,49,Delhi,Maharashtra,kalpitdalal@example.net,1010113760
578,Dalbir Krish,Female,27,Kanpur,Maharashtra,amrita26@example.com,1010098153
579,Aahana Sahni,Male,38,Jaipur,Bihar,zarna55@example.com,9511392290
580,Sanaya Nadig,Male,42,Mumbai,Uttar Pradesh,chavvi74@example.org,7570582701
581,Ojasvi Bajaj,Female,23,Delhi,Uttar Pradesh,savantrehaan@example.com,5217588041
582,Chaaya Narang,Female,30,Lucknow,Madhya Pradesh,jbal@example.org,5559393882
583,Baghyawati Saini,Male,55,Jaipur,Rajasthan,januja50@example.net,3453109232
584,Dominic Chaudhari,Male,36,Lucknow,Uttar Pradesh,hnigam@example.org,7915697855
585,Yug Chad,Female,20,Pune,Uttar Pradesh,kabir86@example.com,6727370907
586,Reyansh Borah,Female,20,Kanpur,Maharashtra,sachibehl@example.org,0557696143
587,Ishita Bhagat,Male,54,Jaipur,Madhya Pradesh,gvirk@example.net,1099435871
588,Ethan Saha,Female,18,Lucknow,Uttar Pradesh,lhora@example.org,4830925854
589,Yashvi Vaidya,Male,37,Noida,Maharashtra,oaksneha@example.com,3884033328
590,Reyansh Chada,Female,20,Lucknow,Uttar Pradesh,aachal91@example.net,1851532100
591,Yamini Doctor,Male,37,Kanpur,Uttar Pradesh,hiralbose@example.com,1179063323
592,Nitesh Acharya,Female,44,Lucknow,Delhi,atank@example.com,6326427167
593,Daksha Gaba,Female,52,Pune,Uttar Pradesh,hamsinirau@example.net,1986538759
594,Zaitra Uppal,Male,38,Patna,Delhi,ddara@example.net,2956397900
595,Faras Mahal,Male,42,Lucknow,Madhya Pradesh,sureshriya@example.com,8553302163
596,Yahvi Khatri,Male,49,Mumbai,Uttar Pradesh,kibelogan@example.com,4987855593
597,Teerth Gour,Male,37,Noida,Uttar Pradesh,niharika75@example.net,4141488503
598,Upasna Chawla,Female,55,Mumbai,Uttar Pradesh,yatan00@example.com,2557103488
599,Anamika Tiwari,Female,37,Lucknow,Maharashtra,finn66@example.org,2061849131
600,Jackson Ganesh,Male,22,Patna,Delhi,warhisodhi@example.org,5045751622
601,Aarush Bera,Female,57,Pune,Bihar,vasana32@example.net,5110424401
602,Harshil Kala,Female,20,Hyderabad,Delhi,bishakhamaharaj@example.org,3140737424
603,Balhaar Shah,Female,32,Bhopal,Uttar Pradesh,barkha94@example.org,7833056898
604,Ayush Sha,Male,27,Bhopal,Uttar Pradesh,biswaspushti@example.org,5556313148
605,Yatan Suresh,Female,19,Jaipur,Maharashtra,janani75@example.com,5822342640
606,Falan Khurana,Male,42,Delhi,Maharashtra,chakradevkhurana@example.org,0006335521
607,Avni Pandit,Female,46,Kanpur,Uttar Pradesh,hiteshpatla@example.com,2596391042
608,Reva Seshadri,Female,50,Jaipur,Uttar Pradesh,khuranaimaran@example.com,8784532525
609,Saanvi Guha,Female,21,Noida,Telangana,sudikshamahajan@example.net,8000027880
610,Gavin Shere,Female,25,Jaipur,Maharashtra,urishillakapoor@example.org,5601284348
611,Kevin Sawhney,Female,31,Lucknow,Maharashtra,xiyer@example.net,4265268718
612,Max Oza,Female,18,Patna,Rajasthan,ekavirbarad@example.org,3328373332
613,Amara Nadkarni,Female,57,Jaipur,Telangana,oakmanbir@example.net,6773800607
614,Ekantika Verma,Female,46,Hyderabad,Maharashtra,radha75@example.net,6574403714
615,Nathan Mangat,Female,22,Jaipur,Uttar Pradesh,fmistry@example.net,1698266787
616,Kashvi Dubey,Female,40,Delhi,Uttar Pradesh,vihaanrai@example.org,5226614743
617,Karan Palan,Male,22,Lucknow,Uttar Pradesh,hchar@example.org,2508790068
618,Agastya Wason,Male,34,Mumbai,Telangana,qchakraborty@example.net,2549027909
619,Logan Gill,Male,24,Lucknow,Bihar,waliabalveer@example.net,8872595082
620,Max Dey,Female,53,Mumbai,Uttar Pradesh,jacobrandhawa@example.net,1975544365
621,Ayushman Bhagat,Female,44,Patna,Telangana,jagviroy@example.net,3550523807
622,Oliver Goswami,Male,29,Mumbai,Uttar Pradesh,jtandon@example.com,9380949630
623,Upma Madan,Male,32,Mumbai,Maharashtra,ciyer@example.net,9456007639
624,Omisha Oza,Male,18,Noida,Maharashtra,bhallamanan@example.com,4510315717
625,Bhavani Salvi,Male,33,Lucknow,Uttar Pradesh,xsridhar@example.net,2363705235
626,Tarak Bali,Female,30,Noida,Rajasthan,mananjohal@example.net,7861804142
627,Nathan Uppal,Female,40,Bhopal,Madhya Pradesh,lila62@example.net,2587223797
628,Arya Lalla,Male,38,Delhi,Uttar Pradesh,sameshbarad@example.com,8532688313
629,Samesh Chauhan,Female,21,Bhopal,Bihar,hbhatnagar@example.com,0957318764
630,Radhika Padmanabhan,Male,44,Noida,Delhi,balveer30@example.com,9266815724
631,Yatan Suri,Female,55,Patna,Rajasthan,zdube@example.org,9195904155
632,Vedhika Lad,Female,40,Patna,Maharashtra,panditelijah@example.com,3717203710
633,Samaksh Palan,Female,33,Delhi,Delhi,wrideshbarad@example.net,5670131090
634,Kiaan Wason,Male,47,Bhopal,Maharashtra,diptakapadia@example.org,0527596327
635,Imaran Loyal,Female,50,Noida,Uttar Pradesh,hemachandra@example.org,0944909800
636,Zashil Keer,Male,33,Lucknow,Bihar,devika57@example.org,5725187786
637,Ayaan Tella,Male,19,Jaipur,Uttar Pradesh,datevarsha@example.net,7020972366
638,Tara Bail,Female,38,Bhopal,Delhi,watika68@example.com,6371544808
639,Wahab Roy,Male,23,Kanpur,Bihar,ishankar@example.net,3983072045
640,Warjas Menon,Male,31,Noida,Rajasthan,samipavani@example.org,7895701379
641,Aishani Ramesh,Female,43,Patna,Delhi,rattaisaac@example.com,2167880560
642,Advaith Tata,Female,32,Bhopal,Uttar Pradesh,vrishti02@example.net,9616816527
643,Avni Chacko,Female,43,Lucknow,Madhya Pradesh,dchahal@example.org,7017755541
644,Abhiram Dubey,Female,49,Noida,Uttar Pradesh,triveni82@example.org,0358510277
645,Ojasvi Murty,Female,36,Patna,Uttar Pradesh,nakul24@example.net,9231310680
646,Nachiket Bahri,Female,38,Mumbai,Delhi,simon81@example.org,5124658423
647,Yasti Varughese,Female,54,Lucknow,Uttar Pradesh,manbirsankaran@example.net,6165218013
648,Rishi Lalla,Female,51,Hyderabad,Maharashtra,xalakhayre@example.net,9108354628
649,Rachana Desai,Male,48,Noida,Madhya Pradesh,thakeryashodhara@example.net,0663907048
650,Joshua Grover,Female,55,Hyderabad,Maharashtra,suhaniaurora@example.net,2715435857
651,Omisha Kumar,Female,25,Kanpur,Maharashtra,utalwar@example.org,7504659890
652,Praneel Pingle,Female,31,Hyderabad,Uttar Pradesh,chadaekavir@example.org,7333647430
653,Chanchal Sami,Male,29,Noida,Maharashtra,eesha29@example.com,1941250563
654,Kai Deshmukh,Female,52,Bhopal,Madhya Pradesh,aachalchokshi@example.net,2474774289
655,Ria Nagarajan,Female,39,Noida,Uttar Pradesh,xmital@example.org,2057842876
656,Meera Dugar,Female,19,Kanpur,Delhi,girik98@example.org,9921417182
657,Kashish Kunda,Female,32,Pune,Delhi,iramakrishnan@example.org,1172362691
658,Chatura Shankar,Male,52,Mumbai,Maharashtra,upmadeo@example.com,2944943831
659,Champak Solanki,Female,18,Kanpur,Uttar Pradesh,xnath@example.com,2950951335
660,Vasudha Bandi,Male,32,Jaipur,Uttar Pradesh,yvirk@example.com,3640587032
661,Aarav Comar,Male,35,Lucknow,Telangana,hiral34@example.com,8633577992
662,Zehaan Ratti,Male,31,Lucknow,Bihar,darika15@example.net,1946863177
663,Thomas Devan,Male,53,Bhopal,Uttar Pradesh,muttidaniel@example.com,4682195008
664,Osha Sengupta,Female,60,Kanpur,Uttar Pradesh,uppalhema@example.com,5354552969
665,Fiyaz Natarajan,Male,43,Delhi,Rajasthan,prishamody@example.org,5164531140
666,Kritika Choudhary,Male,20,Pune,Madhya Pradesh,vedhika03@example.org,1565493404
667,Sarthak Dugal,Female,49,Mumbai,Delhi,zsibal@example.net,5127426545
668,Ekani Bera,Female,30,Pune,Bihar,ubhatti@example.com,0554073855
669,Manan Patil,Male,27,Lucknow,Madhya Pradesh,baradyoshita@example.net,7430457960
670,Jagdish Sheth,Female,23,Pune,Telangana,bhaktajackson@example.com,9588604988
671,Nathaniel Chaudhry,Female,55,Jaipur,Maharashtra,qadimtella@example.net,0837075235
672,Rehaan Kalita,Female,43,Lucknow,Uttar Pradesh,mallurvashi@example.net,8126287723
673,Tanish Banik,Male,55,Patna,Maharashtra,hbalakrishnan@example.org,2180487021
674,Agastya Oza,Male,58,Delhi,Delhi,dramachandran@example.net,2846699292
675,Qushi Mand,Male,20,Noida,Delhi,tejasben@example.net,6104111283
676,Darpan Raval,Male,50,Mumbai,Uttar Pradesh,wazir44@example.com,8355699740
677,Isha Thakkar,Male,32,Mumbai,Delhi,achoudhury@example.net,1687313499
678,Baghyawati Aggarwal,Female,28,Bhopal,Bihar,gangulyzilmil@example.com,7865005053
679,Onveer Manda,Male,23,Pune,Uttar Pradesh,lekhadugal@example.net,6767978748
680,Jhalak Apte,Male,54,Noida,Madhya Pradesh,tgill@example.net,3725348943
681,Triveni Chaudhuri,Female,29,Lucknow,Telangana,mdevan@example.com,8126168222
682,Jalsa Master,Male,42,Bhopal,Uttar Pradesh,jeremiah71@example.com,3547579372
683,Tamanna Chaudhuri,Female,47,Pune,Bihar,fiyazlall@example.org,0340653585
684,Vedhika Palla,Female,59,Lucknow,Telangana,psarin@example.net,5923512536
685,Wishi Chanda,Male,48,Lucknow,Bihar,xbose@example.org,9323063595
686,Jacob Bedi,Male,57,Noida,Madhya Pradesh,hkorpal@example.org,9555330696
687,Gabriel Sarkar,Female,34,Kanpur,Maharashtra,sahotacharita@example.com,5134069815
688,Lila Bahl,Male,49,Delhi,Maharashtra,danielchaudhari@example.org,8178590706
689,Anusha Dayal,Male,48,Lucknow,Telangana,wdave@example.net,3412324425
690,Owen Yogi,Male,37,Mumbai,Uttar Pradesh,tkeer@example.net,0299675315
691,Xavier Hayer,Female,22,Lucknow,Uttar Pradesh,rkumer@example.com,5692862114
692,Ekavir Kothari,Female,40,Lucknow,Madhya Pradesh,qtak@example.net,6975834625
693,Zarna Chowdhury,Male,21,Patna,Rajasthan,bhandarinimrat@example.com,8452452788
694,Madhav Doshi,Male,24,Mumbai,Maharashtra,kviswanathan@example.com,2822007527
695,Deepa Padmanabhan,Female,54,Lucknow,Telangana,norikevin@example.com,7217897949
696,Shaurya Morar,Male,22,Mumbai,Bihar,balkavya@example.com,9089487370
697,Shivani Basu,Female,47,Delhi,Uttar Pradesh,ojasjha@example.com,4817934184
698,Sachi Mane,Male,48,Delhi,Maharashtra,samarth31@example.org,9485946014
699,Pahal Madan,Male,20,Jaipur,Uttar Pradesh,gaurangrana@example.com,1573999776
700,Anusha Basu,Female,32,Pune,Bihar,jagat84@example.org,5809859552
701,Samarth Desai,Male,51,Pune,Telangana,bahadurjit00@example.com,3622269330
702,Samaksh Guha,Female,24,Mumbai,Maharashtra,rayaannarayanan@example.org,9349759668
703,Rajata Sarkar,Female,37,Kanpur,Bihar,vasana36@example.com,7247883314
704,Omkaar Bhatt,Male,47,Patna,Rajasthan,farajdua@example.net,3680615007
705,Gaurang Brahmbhatt,Male,24,Mumbai,Madhya Pradesh,falgunipall@example.org,8199564298
706,Naksh Bhakta,Female,20,Mumbai,Maharashtra,aiyengar@example.net,8984924789
707,Ekavir Swaminathan,Female,47,Lucknow,Delhi,nagywyatt@example.com,8493651664
708,Chaitanya Chaudhari,Female,40,Patna,Uttar Pradesh,garayash@example.net,9967533695
709,Warinder Kothari,Female,40,Lucknow,Bihar,balveer26@example.net,1952204420
710,Kamala Bandi,Male,38,Jaipur,Bihar,indrajithayer@example.com,3792387485
711,Tarak Lanka,Male,50,Pune,Delhi,janigavin@example.org,2319684624
712,Fiyaz Khurana,Male,39,Lucknow,Maharashtra,shenoyisha@example.org,4159511573
713,Jacob Naidu,Female,39,Pune,Uttar Pradesh,pantdaksh@example.net,7588760916
714,Maanas Atwal,Male,25,Lucknow,Uttar Pradesh,jack61@example.com,7706156312
715,Garima Baria,Male,43,Jaipur,Uttar Pradesh,alka45@example.net,6324232285
716,Balhaar Ganesan,Female,40,Hyderabad,Maharashtra,vasatikajohal@example.net,7994344606
717,Manthan Joshi,Male,26,Jaipur,Bihar,qcontractor@example.net,6513380237
718,Gaurika Bir,Female,33,Hyderabad,Maharashtra,kanand@example.net,7725075734
719,Siya Verma,Male,30,Lucknow,Madhya Pradesh,yadavisarraf@example.net,6038339978
720,Neelima Sane,Female,20,Mumbai,Uttar Pradesh,hraval@example.com,9454115058
721,Tamanna Kumar,Female,26,Lucknow,Rajasthan,msabharwal@example.org,6407542616
722,Vedika Bhandari,Female,32,Mumbai,Uttar Pradesh,rudrasani@example.org,5135153358
723,Lohit Saini,Male,36,Kanpur,Rajasthan,jeevika10@example.com,8042203522
724,Theodore Boase,Male,35,Hyderabad,Rajasthan,narayananharinakshi@example.org,5675817660
725,Gayathri Rama,Male,47,Lucknow,Telangana,fradoprabhu@example.com,3313194138
726,Teerth Nath,Male,27,Mumbai,Uttar Pradesh,hemangini43@example.net,2605753396
727,Urvi Kapadia,Female,40,Delhi,Telangana,oshankar@example.net,5722256449
728,Ishwar Sangha,Female,30,Delhi,Maharashtra,sbahri@example.org,9959341708
729,Utkarsh Lata,Male,30,Jaipur,Bihar,qarin23@example.net,2731828106
730,Saanvi Thakkar,Female,27,Lucknow,Uttar Pradesh,wasonneha@example.com,5998531902
731,Onkar Korpal,Female,52,Pune,Rajasthan,zgoel@example.net,0428216804
732,Frado Mand,Male,49,Mumbai,Madhya Pradesh,farhan25@example.net,5533957519
733,Mohammed Maharaj,Male,23,Hyderabad,Maharashtra,balakrishnandhriti@example.com,7660713626
734,Daksh Krishnamurthy,Male,47,Patna,Delhi,ekbal64@example.org,4605048342
735,Gaurangi Ramakrishnan,Female,19,Bhopal,Maharashtra,rbadal@example.org,9395903837
736,Arin Prabhakar,Male,28,Mumbai,Maharashtra,amruta28@example.org,1395907393
737,Yahvi Raju,Female,32,Lucknow,Uttar Pradesh,aayush42@example.com,1347936232
738,Nisha Vaidya,Female,34,Pune,Delhi,vaishnavi98@example.org,0288386437
739,Kala Saraf,Female,44,Hyderabad,Delhi,charlesnarula@example.org,4468814780
740,Ati Malhotra,Male,24,Lucknow,Uttar Pradesh,yaggarwal@example.com,9827414803
741,Chakradev Hans,Male,30,Kanpur,Uttar Pradesh,nihal40@example.com,6259581867
742,Balendra Devan,Male,51,Noida,Delhi,mekhalaramanathan@example.com,3039390712
743,Wyatt Venkatesh,Male,25,Hyderabad,Rajasthan,gayathri59@example.org,0404760947
744,Hema Kant,Male,22,Noida,Maharashtra,valavamakshi@example.net,9126657622
745,Ethan Swaminathan,Female,23,Bhopal,Uttar Pradesh,pillaiimaran@example.org,3602807126
746,Qushi Thakkar,Male,24,Bhopal,Delhi,bahadurjitchokshi@example.net,7909431212
747,Zaitra Parekh,Female,58,Hyderabad,Bihar,dadasaksham@example.org,8460388792
748,Leena Butala,Female,19,Patna,Delhi,garima11@example.net,5629713056
749,Baljiwan Narula,Male,58,Mumbai,Telangana,hemanginikorpal@example.net,5355245805
750,Omkaar Magar,Male,51,Delhi,Uttar Pradesh,nihalgour@example.com,8646125047
751,Sathvik Nori,Male,35,Noida,Madhya Pradesh,meghalad@example.net,3805654788
752,Nidhi Kumar,Male,48,Mumbai,Uttar Pradesh,rdeo@example.org,0421540150
753,Lavanya Contractor,Female,55,Jaipur,Maharashtra,sodhigirindra@example.net,7718976843
754,Qasim Gandhi,Male,27,Delhi,Bihar,meghavig@example.net,9848653600
755,Janani Seth,Male,59,Patna,Bihar,netra90@example.org,7743101938
756,Daniel Rout,Female,24,Lucknow,Uttar Pradesh,zhayer@example.net,5806327274
757,Advika Sarma,Female,53,Mumbai,Delhi,nwagle@example.org,9865537097
758,Lohit Kala,Male,38,Delhi,Madhya Pradesh,balhaar98@example.net,6186842712
759,Wridesh Chakrabarti,Female,50,Hyderabad,Rajasthan,joshuamurthy@example.org,5353091297
760,Hardik Arya,Female,33,Bhopal,Delhi,zarna35@example.net,4948243676
761,Arya Vasa,Male,26,Hyderabad,Uttar Pradesh,pallaraghav@example.org,3891837639
762,Lipika Oak,Female,32,Lucknow,Maharashtra,isaiah85@example.com,5528062553
763,Andrew Shenoy,Female,56,Hyderabad,Madhya Pradesh,maxagrawal@example.org,7109286546
764,Faraj Kadakia,Male,48,Lucknow,Maharashtra,lallabdul@example.org,6610358847
765,Mugdha Rao,Male,57,Patna,Bihar,nathaniel12@example.org,1920339331
766,Laban Sampath,Male,29,Delhi,Uttar Pradesh,vnair@example.net,3848157602
767,Gunbir Chad,Female,42,Pune,Bihar,gautami37@example.org,5699323459
768,Megha Vig,Male,36,Jaipur,Bihar,dsur@example.com,8397590322
769,Chaman Grover,Male,60,Delhi,Uttar Pradesh,virkjhalak@example.org,4741012158
770,Prisha Subramaniam,Male,18,Mumbai,Uttar Pradesh,gabriel52@example.net,9758781891
771,Lila Rama,Female,21,Patna,Uttar Pradesh,nihalpalla@example.org,9965218583
772,Lakshit Peri,Female,30,Bhopal,Rajasthan,liamchada@example.net,9162784302
773,Chatresh Anne,Female,39,Hyderabad,Telangana,anshmurty@example.org,2554742958
774,Chandani Peri,Female,34,Lucknow,Delhi,senguptavrinda@example.org,1456611641
775,Chatura Murthy,Female,25,Pune,Bihar,reddytanmayi@example.com,6293467956
776,Eshana Shenoy,Female,54,Hyderabad,Uttar Pradesh,mohammed05@example.net,6822496965
777,Veda Grewal,Male,41,Mumbai,Bihar,libni37@example.net,9268959301
778,Gautam Date,Male,27,Kanpur,Telangana,hemani08@example.org,6924657477
779,Chanchal Khalsa,Male,40,Delhi,Maharashtra,nitara27@example.org,4709823441
780,Girish Aurora,Female,42,Mumbai,Bihar,cbose@example.net,8811091016
781,Aditya Chopra,Male,53,Pune,Madhya Pradesh,gadeodika@example.com,5746227279
782,Yadavi Agarwal,Male,42,Noida,Madhya Pradesh,daterudra@example.net,0992324950
783,Rachit Sahni,Female,20,Pune,Maharashtra,ojasnarayan@example.net,5475934706
784,Jason Nagy,Female,49,Mumbai,Maharashtra,gkalla@example.com,6920978086
785,Nilima Bir,Female,50,Delhi,Madhya Pradesh,urmisen@example.org,7054254842
786,Zinal Kumer,Female,51,Hyderabad,Rajasthan,lucky38@example.net,4579651629
787,Yatin Deol,Male,26,Noida,Madhya Pradesh,venkataramanshaurya@example.org,1929201503
788,Shivani Edwin,Female,29,Bhopal,Uttar Pradesh,smahal@example.net,0796995165
789,Unnati Nagy,Female,24,Hyderabad,Uttar Pradesh,ekbal75@example.net,4025958679
790,Ira Saini,Female,18,Pune,Madhya Pradesh,adyaaurora@example.com,9690328603
791,Owen Bala,Male,40,Lucknow,Rajasthan,cvohra@example.org,0468679087
792,Nathan Bose,Male,27,Delhi,Maharashtra,aadhyachahal@example.net,9456640289
793,Tanvi Sheth,Female,25,Lucknow,Madhya Pradesh,charviravel@example.net,3130458648
794,Wyatt Mani,Female,43,Jaipur,Uttar Pradesh,jsavant@example.net,7126532168
795,Ekaraj Agate,Male,24,Pune,Bihar,samiabeer@example.com,0595765466
796,Sara Saxena,Female,54,Pune,Rajasthan,virajdevi@example.org,8533436386
797,Ekantika Shan,Female,28,Noida,Bihar,ydixit@example.com,5235256652
798,Ayush Keer,Male,38,Kanpur,Maharashtra,raoaarna@example.org,3593591504
799,Pavani Oza,Male,32,Noida,Uttar Pradesh,bishakhabiswas@example.com,1144370524
800,Onveer Bail,Male,52,Patna,Uttar Pradesh,darshpant@example.com,9049151742
801,Anirudh Sule,Female,48,Delhi,Uttar Pradesh,deolwarhi@example.net,3833220173
802,Zarna Kaur,Female,26,Noida,Uttar Pradesh,ychad@example.org,6846587762
803,Amaira D’Alia,Male,19,Bhopal,Delhi,emammen@example.net,0854846455
804,Lakshit Bath,Female,47,Hyderabad,Bihar,aroraekansh@example.com,6751095615
805,Inaya Reddy,Female,50,Patna,Bihar,morerachita@example.com,3279831275
806,Falak Vora,Female,47,Mumbai,Delhi,norifaris@example.org,7510020835
807,Peter Kata,Female,43,Noida,Rajasthan,amairamerchant@example.net,2871605471
808,Jeet D’Alia,Male,41,Patna,Uttar Pradesh,balvanahuja@example.net,5967949115
809,Pranav Kala,Female,59,Jaipur,Uttar Pradesh,dhingramaanas@example.org,3113283151
810,Jagvi Palla,Female,40,Pune,Telangana,ayushman56@example.com,7247235268
811,Mugdha Pillay,Male,36,Jaipur,Maharashtra,cdutt@example.net,9688533743
812,Yauvani Rajagopal,Male,50,Mumbai,Madhya Pradesh,pahaldeep@example.com,8701897610
813,Irya Dutt,Female,34,Patna,Uttar Pradesh,ebhalla@example.org,5872184765
814,Orinder Halder,Female,34,Lucknow,Maharashtra,upasna54@example.com,1135876387
815,Jason Dutt,Male,31,Hyderabad,Bihar,tarachandran@example.com,6338605175
816,Udant Rana,Female,36,Pune,Uttar Pradesh,sachdevshaurya@example.com,7007668083
817,Mekhala Dube,Female,56,Bhopal,Rajasthan,dyalimaran@example.net,1166750963
818,Krishna Tripathi,Female,58,Mumbai,Uttar Pradesh,rehaanreddy@example.org,2872766122
819,Gunbir Karnik,Male,28,Pune,Telangana,ijayabail@example.org,9982754317
820,Fitan Kata,Female,34,Lucknow,Uttar Pradesh,diyachaudry@example.net,4498603321
821,Qarin Chawla,Male,47,Noida,Uttar Pradesh,aryan84@example.com,2216689022
822,Kalpit Kant,Female,20,Hyderabad,Maharashtra,pallekantika@example.org,9417372108
823,Frado Krish,Male,41,Noida,Delhi,khuranaakshay@example.org,1292850946
824,Jeremiah Minhas,Female,46,Hyderabad,Maharashtra,max31@example.org,0042673159
825,Girish Chopra,Female,41,Mumbai,Uttar Pradesh,girish52@example.net,6258674541
826,Nimrat Ravel,Female,41,Lucknow,Bihar,alka02@example.net,0081729411
827,Ansh Das,Female,42,Pune,Delhi,jrajagopalan@example.net,6979782274
828,Girish Lall,Female,32,Pune,Delhi,gabriel41@example.com,6089605763
829,Fiyaz Yadav,Male,36,Kanpur,Bihar,gshroff@example.net,6760575324
830,Charles Andra,Female,45,Lucknow,Delhi,qarin06@example.net,2867389978
831,Vasatika Dhawan,Female,40,Bhopal,Maharashtra,ndani@example.org,0175396044
832,Nisha Mukherjee,Male,32,Kanpur,Rajasthan,devanjatin@example.com,9027667110
833,Baljiwan Balay,Female,51,Kanpur,Rajasthan,mason59@example.org,2623710872
834,Ekavir Gill,Female,19,Mumbai,Delhi,wrideshsamra@example.com,2906369594
835,Yuvraj Mahajan,Female,26,Hyderabad,Madhya Pradesh,ozaradha@example.net,2395347810
836,Wishi Kaur,Female,26,Delhi,Uttar Pradesh,kabir73@example.com,3844593501
837,Amrita Mann,Male,30,Pune,Madhya Pradesh,isaiah85@example.net,0187967078
838,Sneha Menon,Female,39,Kanpur,Maharashtra,nadkarniyahvi@example.com,1414039489
839,Teerth Saraf,Male,46,Mumbai,Madhya Pradesh,qushidubey@example.net,0998658543
840,Gaurangi Deo,Male,59,Patna,Delhi,lsridhar@example.com,8925004736
841,Lekha Pai,Male,35,Kanpur,Madhya Pradesh,qmall@example.net,9594555282
842,Noah Mistry,Male,32,Patna,Delhi,rehaanmaster@example.com,8980127488
843,Tanmayi Borah,Female,52,Mumbai,Uttar Pradesh,fbajaj@example.net,6574039760
844,Aashi Pall,Male,59,Bhopal,Telangana,sethidevika@example.com,4665677104
845,Hemani Nori,Female,42,Patna,Rajasthan,reyanshaurora@example.net,8605077682
846,Vihaan Salvi,Male,47,Patna,Uttar Pradesh,gopalnilima@example.com,8907454571
847,Vasana Nagy,Male,34,Hyderabad,Rajasthan,ijaya81@example.net,1961778879
848,Jacob Devan,Male,31,Bhopal,Uttar Pradesh,varenyabose@example.com,2011190705
849,Neel Basu,Male,35,Noida,Uttar Pradesh,faqiddasgupta@example.com,6960167711
850,Waida Kapadia,Male,52,Pune,Maharashtra,ravelekbal@example.net,9248793522
851,Sanaya Patla,Male,51,Delhi,Delhi,zehaanpatil@example.com,3978080917
852,Faris Sarma,Female,38,Lucknow,Delhi,mohammed77@example.com,2372574758
853,Jacob Sehgal,Female,28,Jaipur,Uttar Pradesh,orinder91@example.com,3796571126
854,Rachita Thakkar,Female,27,Mumbai,Delhi,gsunder@example.com,0054001469
855,Udyati Gandhi,Female,58,Patna,Delhi,samaksh03@example.org,7519757167
856,Nikita Mall,Male,35,Noida,Uttar Pradesh,aaravmittal@example.com,1504303178
857,Isaiah Kanda,Male,55,Bhopal,Bihar,falguni76@example.com,3316371512
858,Mahika Thakur,Male,32,Lucknow,Bihar,dtripathi@example.net,5936256809
859,Vansha Nagy,Male,46,Mumbai,Uttar Pradesh,yhans@example.net,3924116773
860,Ishita Narula,Female,19,Bhopal,Madhya Pradesh,smuni@example.com,6648702417
861,Yagnesh Mammen,Male,50,Jaipur,Uttar Pradesh,wkala@example.net,2629167961
862,Garima Hora,Male,58,Bhopal,Uttar Pradesh,orinder10@example.net,6083123754
863,Ekapad Keer,Female,21,Noida,Maharashtra,pmangat@example.net,3707749677
864,Andrew Cheema,Male,47,Jaipur,Uttar Pradesh,venkataramanganga@example.com,1266800679
865,Samarth Sekhon,Female,18,Kanpur,Maharashtra,hansmichael@example.org,9236115719
866,Hitesh Maharaj,Female,26,Kanpur,Telangana,bhavsarlaksh@example.com,7570184141
867,Aradhana Kaur,Male,33,Mumbai,Uttar Pradesh,shivanshchandran@example.com,3835243758
868,Yatin Mittal,Female,47,Delhi,Maharashtra,waliamrita@example.com,7260700546
869,Oviya Deshpande,Male,30,Bhopal,Uttar Pradesh,abhiram61@example.org,2853353531
870,Charan Rau,Male,29,Mumbai,Uttar Pradesh,baljiwanpau@example.net,2099433342
871,Baljiwan Bajaj,Male,31,Kanpur,Madhya Pradesh,umangcomar@example.com,2408880264
872,Inaya Rastogi,Female,45,Bhopal,Madhya Pradesh,nbera@example.org,3160406828
873,Naksh Rai,Male,49,Hyderabad,Maharashtra,nandadarika@example.net,5439613611
874,Samuel Bawa,Female,56,Jaipur,Delhi,unnati29@example.net,6816305779
875,Aditya Vasa,Male,39,Hyderabad,Maharashtra,amaramand@example.org,5096480915
876,Anmol Dutta,Female,27,Kanpur,Uttar Pradesh,nathanielrout@example.com,1987558965
877,Nitara Mann,Male,25,Lucknow,Telangana,wishiagrawal@example.org,2536019192
878,Ganga Narasimhan,Male,38,Kanpur,Uttar Pradesh,mchaudhari@example.com,7530039826
879,Harita Pau,Female,41,Hyderabad,Uttar Pradesh,ymurthy@example.org,0318249692
880,Dayita Bali,Female,45,Lucknow,Uttar Pradesh,jagvikale@example.com,2881159712
881,Upkaar Bali,Male,35,Kanpur,Rajasthan,dsarma@example.com,9142737715
882,Varenya Bose,Female,30,Mumbai,Bihar,bhallaadweta@example.com,0393307326
883,Qabil Thaker,Female,36,Mumbai,Telangana,arunima91@example.com,6489035398
884,Hemani Kumer,Male,51,Noida,Maharashtra,mananvaidya@example.com,9846041093
885,Tara Krishna,Male,60,Patna,Rajasthan,sainaik@example.net,9947224905
886,Kalpit Walia,Female,26,Kanpur,Maharashtra,bbutala@example.com,5510383134
887,Rachit Mandal,Female,58,Kanpur,Maharashtra,oakfrederick@example.com,9353993750
888,Ubika Bath,Female,42,Mumbai,Uttar Pradesh,falgunichokshi@example.net,7238139893
889,Samarth Dhaliwal,Male,52,Jaipur,Uttar Pradesh,upma85@example.org,4075130467
890,Ekanta Prakash,Female,35,Pune,Uttar Pradesh,chandreshbaral@example.com,0049457202
891,Inaya Barman,Male,24,Bhopal,Delhi,ksuresh@example.net,2323011497
892,Raksha Chada,Male,33,Noida,Maharashtra,shaurya66@example.com,3584286467
893,Urishilla Savant,Male,22,Lucknow,Uttar Pradesh,gourkalpit@example.net,3771301266
894,Chakradev Goyal,Male,59,Kanpur,Maharashtra,nikitaloke@example.com,2920556079
895,Bhavika Brahmbhatt,Female,55,Bhopal,Uttar Pradesh,amol49@example.net,1953882105
896,Netra Varghese,Female,37,Hyderabad,Uttar Pradesh,kannandarsh@example.net,5569272289
897,Ekalinga Wason,Female,30,Delhi,Maharashtra,majumdarleela@example.org,9785594560
898,Aachal Venkataraman,Female,55,Lucknow,Uttar Pradesh,mekhalataneja@example.net,3099747382
899,Tara Lall,Female,31,Noida,Maharashtra,mwadhwa@example.net,5009949638
900,Urvashi Bala,Female,58,Jaipur,Uttar Pradesh,vaishnavi09@example.net,2180933319
901,Vamakshi Narain,Male,24,Kanpur,Maharashtra,xghosh@example.com,5444862293
902,Gaurangi Buch,Male,25,Delhi,Uttar Pradesh,rachitgara@example.net,4820592897
903,Gayathri Ratta,Female,38,Hyderabad,Uttar Pradesh,ucchal34@example.net,1579923283
904,Udant Dada,Male,42,Mumbai,Maharashtra,gwalia@example.com,4111919443
905,Ishita Dhar,Female,52,Jaipur,Maharashtra,lraval@example.net,0655534236
906,Megha Suri,Female,27,Pune,Maharashtra,wmody@example.com,7936585354
907,Leena Ramesh,Female,52,Pune,Telangana,harinakshinaik@example.org,0989711563
908,Dominic Lanka,Female,29,Hyderabad,Maharashtra,chatreshbuch@example.org,1707088587
909,Manan Kaur,Male,28,Lucknow,Rajasthan,upkaarsuresh@example.net,4596939022
910,Wyatt Chand,Female,52,Kanpur,Maharashtra,abhiram44@example.com,8800315197
911,Daksh Hegde,Male,33,Kanpur,Rajasthan,prasadgeetika@example.com,2521321186
912,Vasatika Pingle,Male,43,Noida,Maharashtra,tpandey@example.org,8735553827
913,Mason Suri,Female,29,Noida,Uttar Pradesh,pranavsha@example.com,7407710291
914,Indira Verma,Female,56,Hyderabad,Delhi,eranganathan@example.org,8968731007
915,Timothy Bal,Male,36,Mumbai,Uttar Pradesh,vasatikakaran@example.com,8405234208
916,Gunbir Batra,Male,28,Mumbai,Uttar Pradesh,mdey@example.org,6358133042
917,Adweta Pandey,Male,59,Jaipur,Delhi,johalidika@example.org,4704906532
918,Qabil Jaggi,Male,28,Delhi,Bihar,kashishmallick@example.org,7593879180
919,Chaitanya Bains,Female,58,Delhi,Bihar,qtandon@example.net,3168000701
920,Vansha Karpe,Female,44,Noida,Maharashtra,ekbalkibe@example.com,7185408160
921,Ekansh Taneja,Male,35,Lucknow,Bihar,zilmil03@example.org,0264353053
922,Zansi Shah,Female,32,Mumbai,Madhya Pradesh,samakshbhalla@example.net,1970764200
923,Avni Vora,Female,38,Noida,Uttar Pradesh,ryan85@example.org,3205210025
924,Peter Arya,Male,35,Noida,Uttar Pradesh,nattpanini@example.net,5768437492
925,Ekbal Dara,Male,24,Patna,Telangana,warriorcharles@example.org,3067944677
926,Yachana Misra,Male,40,Jaipur,Madhya Pradesh,nitesh66@example.net,1911388023
927,Zarna Ravi,Female,56,Lucknow,Bihar,qadimkala@example.net,6961907622
928,Sanya Rout,Female,26,Pune,Maharashtra,duttwarinder@example.net,4621959476
929,Tripti Memon,Female,56,Delhi,Uttar Pradesh,godaanamika@example.com,0570094361
930,Daksh Lata,Male,51,Jaipur,Bihar,qasimrajagopalan@example.org,9495966405
931,Aahana Munshi,Female,19,Bhopal,Delhi,skhurana@example.net,0754139061
932,Vrishti Mistry,Female,41,Pune,Uttar Pradesh,atidash@example.net,7027918566
933,Pratyush Aurora,Male,34,Patna,Maharashtra,mitesh48@example.com,0139678159
934,Falak Loke,Male,47,Bhopal,Maharashtra,dalbirsridhar@example.com,2005348846
935,Ryan Yohannan,Female,48,Pune,Uttar Pradesh,kamyavala@example.com,0223998413
936,Chaitaly Kaur,Male,25,Hyderabad,Maharashtra,misrarudra@example.org,8181674462
937,Ishwar Gera,Female,55,Jaipur,Uttar Pradesh,aachal90@example.net,8236784011
938,Unnati Dhingra,Female,55,Delhi,Delhi,vidhi05@example.com,8723266970
939,Balhaar Mander,Male,59,Bhopal,Uttar Pradesh,singhalaarnav@example.org,0693032315
940,Onkar Tara,Female,19,Bhopal,Uttar Pradesh,bhavika86@example.com,9934220659
941,Bhavya Virk,Male,34,Mumbai,Uttar Pradesh,anmol97@example.org,2309861548
942,Manan Handa,Female,23,Delhi,Bihar,bhatrobert@example.net,5863399717
943,Faris Sur,Male,29,Jaipur,Bihar,lipika22@example.com,5604160458
944,Manthan Rau,Female,32,Bhopal,Uttar Pradesh,ozakevin@example.net,6860026212
945,Falguni Bal,Male,58,Lucknow,Telangana,urvashi27@example.net,0587582707
946,Ganga Handa,Female,49,Hyderabad,Uttar Pradesh,bavaniharika@example.com,4885361943
947,Maanav Rajan,Male,39,Hyderabad,Rajasthan,stank@example.com,4300582273
948,Tanmayi Dalal,Male,44,Pune,Rajasthan,eshanker@example.org,9791035783
949,Geetika Singhal,Female,18,Jaipur,Uttar Pradesh,nirjasandal@example.com,1367843135
950,Rudra Bhagat,Male,33,Hyderabad,Maharashtra,ubhakta@example.com,3461290530
951,Ganga Kothari,Female,42,Delhi,Rajasthan,shivani11@example.com,7451516591
952,Balveer Bajwa,Female,22,Lucknow,Maharashtra,adya81@example.org,0081539455
953,Aachal Shere,Male,19,Pune,Uttar Pradesh,vedhika67@example.org,2978794697
954,Omya Nigam,Female,23,Pune,Bihar,hdeo@example.net,0659661827
955,Anthony Sani,Male,43,Mumbai,Uttar Pradesh,bhavani13@example.org,6655498820
956,Darpan Mital,Female,34,Jaipur,Madhya Pradesh,wahuja@example.org,3345547548
957,Vansha Hari,Male,41,Hyderabad,Maharashtra,chanaqadim@example.net,4728723477
958,Bhavini Natt,Male,35,Noida,Uttar Pradesh,frado41@example.net,0338684528
959,Rachana Biswas,Male,36,Delhi,Uttar Pradesh,andrewhayre@example.com,2202349902
960,Oni Virk,Male,53,Bhopal,Uttar Pradesh,jacob83@example.com,7072732930
961,Vedant Patla,Male,51,Lucknow,Madhya Pradesh,bchana@example.net,1618250672
962,Veda Upadhyay,Male,34,Patna,Uttar Pradesh,qmohan@example.net,6960477600
963,Aarna Grewal,Female,34,Patna,Telangana,faras25@example.com,2211384735
964,Elijah Apte,Male,28,Patna,Uttar Pradesh,duppal@example.net,0471281239
965,Urvi Sridhar,Male,38,Mumbai,Uttar Pradesh,vbose@example.net,2692232114
966,Rachana Char,Male,41,Jaipur,Uttar Pradesh,kmistry@example.com,8834534456
967,Naveen Sawhney,Female,55,Kanpur,Uttar Pradesh,wchandra@example.com,9300764118
968,Dev Kala,Female,46,Lucknow,Uttar Pradesh,advaith52@example.org,8723723437
969,Sneha Tandon,Male,55,Kanpur,Rajasthan,balakrishnanabdul@example.org,5212813670
970,Odika Char,Female,44,Mumbai,Rajasthan,lwali@example.com,3952342279
971,Aradhana Dash,Female,29,Delhi,Maharashtra,dgopal@example.org,5152825312
972,Meghana Sant,Female,18,Pune,Uttar Pradesh,aayush21@example.org,4723311669
973,Chaaya Tella,Female,24,Kanpur,Madhya Pradesh,vpau@example.com,5511401308
974,Tristan Desai,Male,41,Noida,Uttar Pradesh,madhav74@example.net,6937969726
975,Jeremiah Mani,Female,39,Delhi,Uttar Pradesh,mugdha34@example.org,8599920397
976,Isaiah Setty,Female,31,Bhopal,Uttar Pradesh,usarkar@example.net,0161370828
977,Ayushman Swaminathan,Female,48,Hyderabad,Uttar Pradesh,gpatla@example.net,0474443625
978,Jyoti Kuruvilla,Male,49,Mumbai,Rajasthan,henrybalay@example.org,1478217388
979,Harrison Iyer,Female,28,Bhopal,Delhi,fiyazchaudhary@example.net,0057622368
980,Max Andra,Male,31,Patna,Rajasthan,memonqasim@example.org,3000401267
981,Yatan Patel,Male,60,Noida,Uttar Pradesh,nathaniel48@example.com,9897225642
982,Ira Dugar,Male,18,Mumbai,Delhi,revaganesh@example.net,5503056928
983,Bachittar Chakrabarti,Male,41,Mumbai,Uttar Pradesh,jagvi05@example.com,1096506991
984,Jalsa Rout,Female,37,Pune,Bihar,masteridika@example.com,5258401299
985,Joshua Vora,Female,57,Jaipur,Madhya Pradesh,davidsampath@example.com,6029226604
986,Qasim Sarin,Female,32,Patna,Uttar Pradesh,dassaditya@example.com,4304540750
987,Daniel Parmar,Male,20,Patna,Telangana,dharfrado@example.com,4475559988
988,Bhavya Swaminathan,Female,43,Mumbai,Delhi,valaudarsh@example.org,2564115624
989,Varsha Gola,Male,30,Jaipur,Maharashtra,ishasachar@example.net,5370065391
990,Falguni Vaidya,Male,43,Pune,Bihar,hbasu@example.org,6405446415
991,Aarini Keer,Female,26,Mumbai,Delhi,tarak02@example.org,9210112023
992,Ranveer Nagy,Female,42,Lucknow,Delhi,aradhana57@example.org,1305521861
993,Bhanumati Murty,Female,25,Jaipur,Uttar Pradesh,kaleati@example.net,6192744294
994,Samarth Parmar,Male,51,Hyderabad,Madhya Pradesh,tmurthy@example.net,7462815189
995,Hamsini Chaudhary,Female,59,Jaipur,Delhi,kashyapyutika@example.com,7565840840
996,Eesha Datta,Female,53,Lucknow,Rajasthan,aptewarhi@example.net,8049971546
997,Yatin Kari,Male,32,Kanpur,Maharashtra,ibaria@example.com,3984845721
998,Aashi Butala,Male,28,Delhi,Uttar Pradesh,roommen@example.com,9168183501
999,Ranbir Khosla,Male,60,Lucknow,Uttar Pradesh,dominic40@example.net,3789566279
1000,Rachana Wadhwa,Female,34,Bhopal,Maharashtra,lshah@example.com,9238634440
